Handle,Title,Recommendable (product.metafields.calculator.recommendable),System Type (product.metafields.calculator.system_type),Zone Count (product.metafields.calculator.zone_count),Unit Type (product.metafields.calculator.unit_type),Series (product.metafields.calculator.series),Nominal BTU (product.metafields.calculator.nominal_btu),Outdoor Capacity BTU (product.metafields.calculator.outdoor_capacity_btu),Head Configuration (product.metafields.calculator.head_configuration),Head Vector Key (product.metafields.calculator.head_vector_key),Connected Head Total BTU (product.metafields.calculator.connected_head_total_btu),Connected Capacity Ratio (product.metafields.calculator.connected_capacity_ratio),Climate Min F (product.metafields.calculator.climate_min_f),Climate Max F (product.metafields.calculator.climate_max_f),Climate Tier (product.metafields.calculator.climate_tier),SEER2 (product.metafields.calculator.seer2),Refrigerant (product.metafields.calculator.refrigerant),Merchandising Priority (product.metafields.calculator.merchandising_priority),Data Quality Score (product.metafields.calculator.data_quality_score),Voltage Policy (product.metafields.calculator.voltage_policy),Heating Sizing Supported (product.metafields.calculator.heating_sizing_supported)
18000-btu-dual-zone-ceiling-cassette-mini-split-ac-12k-12k-up-to-1100-sq-ft,DELLA 18000 BTU Dual Zone Ceiling Cassette Mini Split AC (12K + 12K) - Up to 1100 Sq.Ft.,TRUE,multi_zone,2,ceiling_cassette,Ceiling Cassette,18000,18000,12K+12K,12000-12000,24000,1.3333,-13,131,cold,24.0,R454B,50,100,check_product_page,FALSE
18000-btu-dual-zone-ceiling-cassette-mini-split-ac-9k-12k-up-to-950-sq-ft,DELLA 18000 BTU Dual Zone Ceiling Cassette Mini Split AC (9K + 12K) - Up to 950 Sq.Ft.,TRUE,multi_zone,2,ceiling_cassette,Ceiling Cassette,18000,18000,9K+12K,9000-12000,21000,1.1667,-13,131,cold,24.0,R454B,50,100,check_product_page,FALSE
18000-btu-dual-zone-ceiling-cassette-mini-split-ac-9k-9k-up-to-800-sq-ft,DELLA 18000 BTU Dual Zone Ceiling Cassette Mini Split AC (9K + 9K) - Up to 800 Sq.Ft.,TRUE,multi_zone,2,ceiling_cassette,Ceiling Cassette,18000,18000,9K+9K,9000-9000,18000,1.0,-13,131,cold,24.0,R454B,50,100,check_product_page,FALSE
27000-btu-dual-zone-ceiling-cassette-mini-split-ac-12k-12k-up-to-1100-sq-ft,DELLA 27000 BTU Dual Zone Ceiling Cassette Mini Split AC (12K + 12K) - Up to 1100 Sq.Ft.,TRUE,multi_zone,2,ceiling_cassette,Ceiling Cassette,27000,27000,12K+12K,12000-12000,24000,0.8889,-13,131,cold,24.0,R454B,50,100,check_product_page,FALSE
27000-btu-dual-zone-ceiling-cassette-mini-split-ac-12k-18k-up-to-1550-sq-ft,DELLA 27000 BTU Dual Zone Ceiling Cassette Mini Split AC (12K + 18K) - Up to 1550 Sq.Ft.,TRUE,multi_zone,2,ceiling_cassette,Ceiling Cassette,27000,27000,12K+18K,12000-18000,30000,1.1111,-13,131,cold,24.0,R454B,50,100,check_product_page,FALSE
27000-btu-dual-zone-ceiling-cassette-mini-split-ac-18k-18k-up-to-2000-sq-ft,DELLA 27000 BTU Dual Zone Ceiling Cassette Mini Split AC (18K + 18K) - Up to 2000 Sq.Ft.,TRUE,multi_zone,2,ceiling_cassette,Ceiling Cassette,27000,27000,18K+18K,18000-18000,36000,1.3333,-13,131,cold,24.0,R454B,50,100,check_product_page,FALSE
27000-btu-dual-zone-ceiling-cassette-mini-split-ac-9k-12k-up-to-950-sq-ft,DELLA 27000 BTU Dual Zone Ceiling Cassette Mini Split AC (9K + 12K) - Up to 950 Sq.Ft.,TRUE,multi_zone,2,ceiling_cassette,Ceiling Cassette,27000,27000,9K+12K,9000-12000,21000,0.7778,-13,131,cold,24.0,R454B,50,100,check_product_page,FALSE
27000-btu-dual-zone-ceiling-cassette-mini-split-ac-9k-18k-up-to-1400-sq-ft,DELLA 27000 BTU Dual Zone Ceiling Cassette Mini Split AC (9K + 18K) - Up to 1400 Sq.Ft.,TRUE,multi_zone,2,ceiling_cassette,Ceiling Cassette,27000,27000,9K+18K,9000-18000,27000,1.0,-13,131,cold,24.0,R454B,50,100,check_product_page,FALSE
27000-btu-tri-zone-ceiling-cassette-mini-split-ac-12k-12k-12k-up-to-1650-sq-ft,DELLA 27000 BTU Tri-Zone Ceiling Cassette Mini Split AC (12K+12K+12K) - Up to 1650 Sq.Ft.,TRUE,multi_zone,3,ceiling_cassette,Ceiling Cassette,27000,27000,12K+12K+12K,12000-12000-12000,36000,1.3333,-13,131,cold,24.0,R454B,50,100,check_product_page,FALSE
27000-btu-tri-zone-ceiling-cassette-mini-split-ac-9k-12k-12k-up-to-1500-sq-ft,DELLA 27000 BTU Tri-Zone Ceiling Cassette Mini Split AC (9K+12K+12K) - Up to 1500 Sq.Ft.,TRUE,multi_zone,3,ceiling_cassette,Ceiling Cassette,27000,27000,9K+12K+12K,9000-12000-12000,33000,1.2222,-13,131,cold,24.0,R454B,50,100,check_product_page,FALSE
27000-btu-tri-zone-ceiling-cassette-mini-split-ac-9k-9k-12k-up-to-1350-sq-ft,DELLA 27000 BTU Tri-Zone Ceiling Cassette Mini Split AC (9K+9K+12K) - Up to 1350 Sq.Ft.,TRUE,multi_zone,3,ceiling_cassette,Ceiling Cassette,27000,27000,9K+9K+12K,9000-9000-12000,30000,1.1111,-13,131,cold,24.0,R454B,50,100,check_product_page,FALSE
27000-btu-tri-zone-ceiling-cassette-mini-split-ac-9k-9k-18k-up-to-1800-sq-ft,DELLA 27000 BTU Tri-Zone Ceiling Cassette Mini Split AC (9K+9K+18K) - Up to 1800 Sq.Ft.,TRUE,multi_zone,3,ceiling_cassette,Ceiling Cassette,27000,27000,9K+9K+18K,9000-9000-18000,36000,1.3333,-13,131,cold,24.0,R454B,50,100,check_product_page,FALSE
27000-btu-tri-zone-ceiling-cassette-mini-split-ac-9k-9k-9k-up-to-1200-sq-ft,DELLA 27000 BTU Tri-Zone Ceiling Cassette Mini Split AC (9K+9K+9K) - Up to 1200 Sq.Ft.,TRUE,multi_zone,3,ceiling_cassette,Ceiling Cassette,27000,27000,9K+9K+9K,9000-9000-9000,27000,1.0,-13,131,cold,24.0,R454B,50,100,check_product_page,FALSE
35000-btu-dual-zone-ceiling-cassette-mini-split-ac-12k-18k-up-to-1550-sq-ft,DELLA 35000 BTU Dual Zone Ceiling Cassette Mini Split AC (12K+18K) - Up to 1550 Sq.Ft.,TRUE,multi_zone,2,ceiling_cassette,Ceiling Cassette,35000,35000,12K+18K,12000-18000,30000,0.8571,-13,131,cold,22.5,R454B,50,100,check_product_page,FALSE
35000-btu-dual-zone-ceiling-cassette-mini-split-ac-12k-23k-up-to-2050-sq-ft,DELLA 35000 BTU Dual Zone Ceiling Cassette Mini Split AC (12K+23K) - Up to 2050 Sq.Ft.,TRUE,multi_zone,2,ceiling_cassette,Ceiling Cassette,35000,35000,12K+23K,12000-23000,35000,1.0,-13,131,cold,22.5,R454B,50,100,check_product_page,FALSE
35000-btu-dual-zone-ceiling-cassette-mini-split-ac-18k-18k-up-to-2000-sq-ft,DELLA 35000 BTU Dual Zone Ceiling Cassette Mini Split AC (18K+18K) - Up to 2000 Sq.Ft.,TRUE,multi_zone,2,ceiling_cassette,Ceiling Cassette,35000,35000,18K+18K,18000-18000,36000,1.0286,-13,131,cold,22.5,R454B,50,100,check_product_page,FALSE
35000-btu-dual-zone-ceiling-cassette-mini-split-ac-18k-23k-up-to-2500-sq-ft,DELLA 35000 BTU Dual Zone Ceiling Cassette Mini Split AC (18K+23K) - Up to 2500 Sq.Ft.,TRUE,multi_zone,2,ceiling_cassette,Ceiling Cassette,35000,35000,18K+23K,18000-23000,41000,1.1714,-13,131,cold,22.5,R454B,50,100,check_product_page,FALSE
35000-btu-dual-zone-ceiling-cassette-mini-split-ac-23k-23k-up-to-3000-sq-ft,DELLA 35000 BTU Dual Zone Ceiling Cassette Mini Split AC (23K+23K) - Up to 3000 Sq.Ft.,TRUE,multi_zone,2,ceiling_cassette,Ceiling Cassette,35000,35000,23K+23K,23000-23000,46000,1.3143,-13,131,cold,22.5,R454B,50,100,check_product_page,FALSE
35000-btu-dual-zone-ceiling-cassette-mini-split-ac-9k-23k-up-to-1900-sq-ft,DELLA 35000 BTU Dual Zone Ceiling Cassette Mini Split AC (9K+23K) - Up to 1900 Sq.Ft.,TRUE,multi_zone,2,ceiling_cassette,Ceiling Cassette,35000,35000,9K+23K,9000-23000,32000,0.9143,-13,131,cold,22.5,R454B,50,100,check_product_page,FALSE
35000-btu-quad-zone-ceiling-cassette-mini-split-ac-9k-12k-12k-12k-up-to-2050-sq-ft,DELLA 35000 BTU Quad Zone Ceiling Cassette Mini Split AC (9K+12K+12K+12K) - Up to 2050 Sq.Ft.,TRUE,multi_zone,4,ceiling_cassette,Ceiling Cassette,35000,35000,9K+12K+12K+12K,9000-12000-12000-12000,45000,1.2857,-13,131,cold,22.5,R454B,50,100,check_product_page,FALSE
35000-btu-quad-zone-ceiling-cassette-mini-split-ac-9k-9k-12k-12k-up-to-1900-sq-ft,DELLA 35000 BTU Quad Zone Ceiling Cassette Mini Split AC (9K+9K+12K+12K) - Up to 1900 Sq.Ft.,TRUE,multi_zone,4,ceiling_cassette,Ceiling Cassette,35000,35000,9K+9K+12K+12K,9000-9000-12000-12000,42000,1.2,-13,131,cold,22.5,R454B,50,100,check_product_page,FALSE
35000-btu-quad-zone-ceiling-cassette-mini-split-ac-9k-9k-9k-12k-up-to-1750-sq-ft,DELLA 35000 BTU Quad Zone Ceiling Cassette Mini Split AC (9K+9K+9K+12K) - Up to 1750 Sq.Ft.,TRUE,multi_zone,4,ceiling_cassette,Ceiling Cassette,35000,35000,9K+9K+9K+12K,9000-9000-9000-12000,39000,1.1143,-13,131,cold,22.5,R454B,50,100,check_product_page,FALSE
35000-btu-quad-zone-ceiling-cassette-mini-split-ac-9k-9k-9k-18k-up-to-2200-sq-ft,DELLA 35000 BTU Quad Zone Ceiling Cassette Mini Split AC (9K+9K+9K+18K) - Up to 2200 Sq.Ft.,TRUE,multi_zone,4,ceiling_cassette,Ceiling Cassette,35000,35000,9K+9K+9K+18K,9000-9000-9000-18000,45000,1.2857,-13,131,cold,22.5,R454B,50,100,check_product_page,FALSE
35000-btu-quad-zone-ceiling-cassette-mini-split-ac-9k-9k-9k-9k-up-to-1600-sq-ft,DELLA 35000 BTU Quad Zone Ceiling Cassette Mini Split AC (9K+9K+9K+9K) - Up to 1600 Sq.Ft.,TRUE,multi_zone,4,ceiling_cassette,Ceiling Cassette,35000,35000,9K+9K+9K+9K,9000-9000-9000-9000,36000,1.0286,-13,131,cold,22.5,R454B,50,100,check_product_page,FALSE
35000-btu-tri-zone-ceiling-cassette-mini-split-ac-12k-12k-12k-up-to-1650-sq-ft,DELLA 35000 BTU Tri-Zone Ceiling Cassette Mini Split AC (12K+12K+12K) - Up to 1650 Sq.Ft.,TRUE,multi_zone,3,ceiling_cassette,Ceiling Cassette,35000,35000,12K+12K+12K,12000-12000-12000,36000,1.0286,-13,131,cold,22.5,R454B,50,100,check_product_page,FALSE
35000-btu-tri-zone-ceiling-cassette-mini-split-ac-12k-12k-18k-up-to-2100-sq-ft,DELLA 35000 BTU Tri-Zone Ceiling Cassette Mini Split AC (12K+12K+18K) - Up to 2100 Sq.Ft.,TRUE,multi_zone,3,ceiling_cassette,Ceiling Cassette,35000,35000,12K+12K+18K,12000-12000-18000,42000,1.2,-13,131,cold,22.5,R454B,50,100,check_product_page,FALSE
35000-btu-tri-zone-ceiling-cassette-mini-split-ac-12k-12k-23k-up-to-2600-sq-ft,DELLA 35000 BTU Tri-Zone Ceiling Cassette Mini Split AC (12K+12K+23K) - Up to 2600 Sq.Ft.,TRUE,multi_zone,3,ceiling_cassette,Ceiling Cassette,35000,35000,12K+12K+23K,12000-12000-23000,47000,1.3429,-13,131,cold,22.5,R454B,50,100,check_product_page,FALSE
35000-btu-tri-zone-ceiling-cassette-mini-split-ac-9k-12k-12k-up-to-1500-sq-ft,DELLA 35000 BTU Tri-Zone Ceiling Cassette Mini Split AC (9K+12K+12K) - Up to 1500 Sq.Ft.,TRUE,multi_zone,3,ceiling_cassette,Ceiling Cassette,35000,35000,9K+12K+12K,9000-12000-12000,33000,0.9429,-13,131,cold,22.5,R454B,50,100,check_product_page,FALSE
35000-btu-tri-zone-ceiling-cassette-mini-split-ac-9k-12k-18k-up-to-1950-sq-ft,DELLA 35000 BTU Tri-Zone Ceiling Cassette Mini Split AC (9K+12K+18K) - Up to 1950 Sq.Ft.,TRUE,multi_zone,3,ceiling_cassette,Ceiling Cassette,35000,35000,9K+12K+18K,9000-12000-18000,39000,1.1143,-13,131,cold,22.5,R454B,50,100,check_product_page,FALSE
35000-btu-tri-zone-ceiling-cassette-mini-split-ac-9k-12k-23k-up-to-2450-sq-ft,DELLA 35000 BTU Tri-Zone Ceiling Cassette Mini Split AC (9K+12K+23K) - Up to 2450 Sq.Ft.,TRUE,multi_zone,3,ceiling_cassette,Ceiling Cassette,35000,35000,9K+12K+23K,9000-12000-23000,44000,1.2571,-13,131,cold,22.5,R454B,50,100,check_product_page,FALSE
35000-btu-tri-zone-ceiling-cassette-mini-split-ac-9k-18k-18k-up-to-2400-sq-ft,DELLA 35000 BTU Tri-Zone Ceiling Cassette Mini Split AC (9K+18K+18K) - Up to 2400 Sq.Ft.,TRUE,multi_zone,3,ceiling_cassette,Ceiling Cassette,35000,35000,9K+18K+18K,9000-18000-18000,45000,1.2857,-13,131,cold,22.5,R454B,50,100,check_product_page,FALSE
35000-btu-tri-zone-ceiling-cassette-mini-split-ac-9k-9k-12k-up-to-1350-sq-ft,DELLA 35000 BTU Tri-Zone Ceiling Cassette Mini Split AC (9K+9K+12K) - Up to 1350 Sq.Ft.,TRUE,multi_zone,3,ceiling_cassette,Ceiling Cassette,35000,35000,9K+9K+12K,9000-9000-12000,30000,0.8571,-13,131,cold,22.5,R454B,50,100,check_product_page,FALSE
35000-btu-tri-zone-ceiling-cassette-mini-split-ac-9k-9k-18k-up-to-1800-sq-ft,DELLA 35000 BTU Tri-Zone Ceiling Cassette Mini Split AC (9K+9K+18K) - Up to 1800 Sq.Ft.,TRUE,multi_zone,3,ceiling_cassette,Ceiling Cassette,35000,35000,9K+9K+18K,9000-9000-18000,36000,1.0286,-13,131,cold,22.5,R454B,50,100,check_product_page,FALSE
35000-btu-tri-zone-ceiling-cassette-mini-split-ac-9k-9k-23k-up-to-2300-sq-ft,DELLA 35000 BTU Tri-Zone Ceiling Cassette Mini Split AC (9K+9K+23K) - Up to 2300 Sq.Ft.,TRUE,multi_zone,3,ceiling_cassette,Ceiling Cassette,35000,35000,9K+9K+23K,9000-9000-23000,41000,1.1714,-13,131,cold,22.5,R454B,50,100,check_product_page,FALSE
42000-btu-dual-zone-ceiling-cassette-mini-split-ac-18k-23k-up-to-2500-sq-ft,DELLA 42000 BTU Dual Zone Ceiling Cassette Mini Split AC (18K+23K) - Up to 2500 Sq.Ft.,TRUE,multi_zone,2,ceiling_cassette,Ceiling Cassette,42000,42000,18K+23K,18000-23000,41000,0.9762,-13,131,cold,22.0,R454B,50,100,check_product_page,FALSE
42000-btu-dual-zone-ceiling-cassette-mini-split-ac-23k-23k-up-to-3000-sq-ft,DELLA 42000 BTU Dual Zone Ceiling Cassette Mini Split AC (23K+23K) - Up to 3000 Sq.Ft.,TRUE,multi_zone,2,ceiling_cassette,Ceiling Cassette,42000,42000,23K+23K,23000-23000,46000,1.0952,-13,131,cold,22.0,R454B,50,100,check_product_page,FALSE
42000-btu-five-zone-ceiling-cassette-mini-split-ac-9k-9k-12k-12k-12k-up-to-2450-sq-ft,DELLA 42000 BTU Five Zone Ceiling Cassette Mini Split AC (9K+9K+12K+12K+12K) - Up to 2450 Sq.Ft.,TRUE,multi_zone,5,ceiling_cassette,Ceiling Cassette,42000,42000,9K+9K+12K+12K+12K,9000-9000-12000-12000-12000,54000,1.2857,-13,131,cold,22.0,R454B,50,100,check_product_page,FALSE
42000-btu-five-zone-ceiling-cassette-mini-split-ac-9k-9k-9k-12k-12k-up-to-2300-sq-ft,DELLA 42000 BTU Five Zone Ceiling Cassette Mini Split AC (9K+9K+9K+12K+12K) - Up to 2300 Sq.Ft.,TRUE,multi_zone,5,ceiling_cassette,Ceiling Cassette,42000,42000,9K+9K+9K+12K+12K,9000-9000-9000-12000-12000,51000,1.2143,-13,131,cold,22.0,R454B,50,100,check_product_page,FALSE
42000-btu-five-zone-ceiling-cassette-mini-split-ac-9k-9k-9k-9k-12k-up-to-2150-sq-ft,DELLA 42000 BTU Five Zone Ceiling Cassette Mini Split AC (9K+9K+9K+9K+12K) - Up to 2150 Sq.Ft.,TRUE,multi_zone,5,ceiling_cassette,Ceiling Cassette,42000,42000,9K+9K+9K+9K+12K,9000-9000-9000-9000-12000,48000,1.1429,-13,131,cold,22.0,R454B,50,100,check_product_page,FALSE
42000-btu-five-zone-ceiling-cassette-mini-split-ac-9k-9k-9k-9k-18k-up-to-2600-sq-ft,DELLA 42000 BTU Five Zone Ceiling Cassette Mini Split AC (9K+9K+9K+9K+18K) - Up to 2600 Sq.Ft.,TRUE,multi_zone,5,ceiling_cassette,Ceiling Cassette,42000,42000,9K+9K+9K+9K+18K,9000-9000-9000-9000-18000,54000,1.2857,-13,131,cold,22.0,R454B,50,100,check_product_page,FALSE
42000-btu-five-zone-ceiling-cassette-mini-split-ac-9k-9k-9k-9k-9k-up-to-2000-sq-ft,DELLA 42000 BTU Five Zone Ceiling Cassette Mini Split AC (9K+9K+9K+9K+9K) - Up to 2000 Sq.Ft.,TRUE,multi_zone,5,ceiling_cassette,Ceiling Cassette,42000,42000,9K+9K+9K+9K+9K,9000-9000-9000-9000-9000,45000,1.0714,-13,131,cold,22.0,R454B,50,100,check_product_page,FALSE
42000-btu-quad-zone-ceiling-cassette-mini-split-ac-12k-12k-12k-12k-up-to-2200-sq-ft,DELLA 42000 BTU Quad Zone Ceiling Cassette Mini Split AC (12K+12K+12K+12K) - Up to 2200 Sq.Ft.,TRUE,multi_zone,4,ceiling_cassette,Ceiling Cassette,42000,42000,12K+12K+12K+12K,12000-12000-12000-12000,48000,1.1429,-13,131,cold,22.0,R454B,50,100,check_product_page,FALSE
42000-btu-quad-zone-ceiling-cassette-mini-split-ac-12k-12k-12k-18k-up-to-2650-sq-ft,DELLA 42000 BTU Quad Zone Ceiling Cassette Mini Split AC (12K+12K+12K+18K) - Up to 2650 Sq.Ft.,TRUE,multi_zone,4,ceiling_cassette,Ceiling Cassette,42000,42000,12K+12K+12K+18K,12000-12000-12000-18000,54000,1.2857,-13,131,cold,22.0,R454B,50,100,check_product_page,FALSE
42000-btu-quad-zone-ceiling-cassette-mini-split-ac-9k-12k-12k-12k-up-to-2050-sq-ft,DELLA 42000 BTU Quad Zone Ceiling Cassette Mini Split AC (9K+12K+12K+12K) - Up to 2050 Sq.Ft.,TRUE,multi_zone,4,ceiling_cassette,Ceiling Cassette,42000,42000,9K+12K+12K+12K,9000-12000-12000-12000,45000,1.0714,-13,131,cold,22.0,R454B,50,100,check_product_page,FALSE
42000-btu-quad-zone-ceiling-cassette-mini-split-ac-9k-12k-12k-18k-up-to-2500-sq-ft,DELLA 42000 BTU Quad Zone Ceiling Cassette Mini Split AC (9K+12K+12K+18K) - Up to 2500 Sq.Ft.,TRUE,multi_zone,4,ceiling_cassette,Ceiling Cassette,42000,42000,9K+12K+12K+18K,9000-12000-12000-18000,51000,1.2143,-13,131,cold,22.0,R454B,50,100,check_product_page,FALSE
42000-btu-quad-zone-ceiling-cassette-mini-split-ac-9k-12k-12k-23k-up-to-3000-sq-ft,DELLA 42000 BTU Quad Zone Ceiling Cassette Mini Split AC (9K+12K+12K+23K) - Up to 3000 Sq.Ft.,TRUE,multi_zone,4,ceiling_cassette,Ceiling Cassette,42000,42000,9K+12K+12K+23K,9000-12000-12000-23000,56000,1.3333,-13,131,cold,22.0,R454B,50,100,check_product_page,FALSE
42000-btu-quad-zone-ceiling-cassette-mini-split-ac-9k-9k-12k-12k-up-to-1900-sq-ft,DELLA 42000 BTU Quad Zone Ceiling Cassette Mini Split AC (9K+9K+12K+12K) - Up to 1900 Sq.Ft.,TRUE,multi_zone,4,ceiling_cassette,Ceiling Cassette,42000,42000,9K+9K+12K+12K,9000-9000-12000-12000,42000,1.0,-13,131,cold,22.0,R454B,50,100,check_product_page,FALSE
42000-btu-quad-zone-ceiling-cassette-mini-split-ac-9k-9k-12k-18k-up-to-2350-sq-ft,DELLA 42000 BTU Quad Zone Ceiling Cassette Mini Split AC (9K+9K+12K+18K) - Up to 2350 Sq.Ft.,TRUE,multi_zone,4,ceiling_cassette,Ceiling Cassette,42000,42000,9K+9K+12K+18K,9000-9000-12000-18000,48000,1.1429,-13,131,cold,22.0,R454B,50,100,check_product_page,FALSE
42000-btu-quad-zone-ceiling-cassette-mini-split-ac-9k-9k-12k-23k-up-to-2850-sq-ft,DELLA 42000 BTU Quad Zone Ceiling Cassette Mini Split AC (9K+9K+12K+23K) - Up to 2850 Sq.Ft.,TRUE,multi_zone,4,ceiling_cassette,Ceiling Cassette,42000,42000,9K+9K+12K+23K,9000-9000-12000-23000,53000,1.2619,-13,131,cold,22.0,R454B,50,100,check_product_page,FALSE
42000-btu-quad-zone-ceiling-cassette-mini-split-ac-9k-9k-18k-18k-up-to-2800-sq-ft,DELLA 42000 BTU Quad Zone Ceiling Cassette Mini Split AC (9K+9K+18K+18K) - Up to 2800 Sq.Ft.,TRUE,multi_zone,4,ceiling_cassette,Ceiling Cassette,42000,42000,9K+9K+18K+18K,9000-9000-18000-18000,54000,1.2857,-13,131,cold,22.0,R454B,50,100,check_product_page,FALSE
42000-btu-quad-zone-ceiling-cassette-mini-split-ac-9k-9k-9k-18k-up-to-2200-sq-ft,DELLA 42000 BTU Quad Zone Ceiling Cassette Mini Split AC (9K+9K+9K+18K) - Up to 2200 Sq.Ft.,TRUE,multi_zone,4,ceiling_cassette,Ceiling Cassette,42000,42000,9K+9K+9K+18K,9000-9000-9000-18000,45000,1.0714,-13,131,cold,22.0,R454B,50,100,check_product_page,FALSE
42000-btu-quad-zone-ceiling-cassette-mini-split-ac-9k-9k-9k-23k-up-to-2700-sq-ft,DELLA 42000 BTU Quad Zone Ceiling Cassette Mini Split AC (9K+9K+9K+23K) - Up to 2700 Sq.Ft.,TRUE,multi_zone,4,ceiling_cassette,Ceiling Cassette,42000,42000,9K+9K+9K+23K,9000-9000-9000-23000,50000,1.1905,-13,131,cold,22.0,R454B,50,100,check_product_page,FALSE
42000-btu-tri-zone-ceiling-cassette-mini-split-ac-12k-12k-18k-up-to-2100-sq-ft,DELLA 42000 BTU Tri-Zone Ceiling Cassette Mini Split AC (12K+12K+18K) - Up to 2100 Sq.Ft.,TRUE,multi_zone,3,ceiling_cassette,Ceiling Cassette,42000,42000,12K+12K+18K,12000-12000-18000,42000,1.0,-13,131,cold,22.0,R454B,50,100,check_product_page,FALSE
42000-btu-tri-zone-ceiling-cassette-mini-split-ac-12k-12k-23k-up-to-2600-sq-ft,DELLA 42000 BTU Tri-Zone Ceiling Cassette Mini Split AC (12K+12K+23K) - Up to 2600 Sq.Ft.,TRUE,multi_zone,3,ceiling_cassette,Ceiling Cassette,42000,42000,12K+12K+23K,12000-12000-23000,47000,1.119,-13,131,cold,22.0,R454B,50,100,check_product_page,FALSE
42000-btu-tri-zone-ceiling-cassette-mini-split-ac-12k-18k-18k-up-to-2550-sq-ft,DELLA 42000 BTU Tri-Zone Ceiling Cassette Mini Split AC (12K+18K+18K) - Up to 2550 Sq.Ft.,TRUE,multi_zone,3,ceiling_cassette,Ceiling Cassette,42000,42000,12K+18K+18K,12000-18000-18000,48000,1.1429,-13,131,cold,22.0,R454B,50,100,check_product_page,FALSE
42000-btu-tri-zone-ceiling-cassette-mini-split-ac-12k-18k-23k-up-to-3050-sq-ft,DELLA 42000 BTU Tri-Zone Ceiling Cassette Mini Split AC (12K+18K+23K) - Up to 3050 Sq.Ft.,TRUE,multi_zone,3,ceiling_cassette,Ceiling Cassette,42000,42000,12K+18K+23K,12000-18000-23000,53000,1.2619,-13,131,cold,22.0,R454B,50,100,check_product_page,FALSE
42000-btu-tri-zone-ceiling-cassette-mini-split-ac-18k-18k-18k-up-to-3000-sq-ft,DELLA 42000 BTU Tri-Zone Ceiling Cassette Mini Split AC (18K+18K+18K) - Up to 3000 Sq.Ft.,TRUE,multi_zone,3,ceiling_cassette,Ceiling Cassette,42000,42000,18K+18K+18K,18000-18000-18000,54000,1.2857,-13,131,cold,22.0,R454B,50,100,check_product_page,FALSE
42000-btu-tri-zone-ceiling-cassette-mini-split-ac-9k-12k-18k-up-to-1950-sq-ft,DELLA 42000 BTU Tri-Zone Ceiling Cassette Mini Split AC (9K+12K+18K) - Up to 1950 Sq.Ft.,TRUE,multi_zone,3,ceiling_cassette,Ceiling Cassette,42000,42000,9K+12K+18K,9000-12000-18000,39000,0.9286,-13,131,cold,22.0,R454B,50,100,check_product_page,FALSE
42000-btu-tri-zone-ceiling-cassette-mini-split-ac-9k-12k-23k-up-to-2450-sq-ft,DELLA 42000 BTU Tri-Zone Ceiling Cassette Mini Split AC (9K+12K+23K) - Up to 2450 Sq.Ft.,TRUE,multi_zone,3,ceiling_cassette,Ceiling Cassette,42000,42000,9K+12K+23K,9000-12000-23000,44000,1.0476,-13,131,cold,22.0,R454B,50,100,check_product_page,FALSE
42000-btu-tri-zone-ceiling-cassette-mini-split-ac-9k-18k-18k-up-to-2400-sq-ft,DELLA 42000 BTU Tri-Zone Ceiling Cassette Mini Split AC (9K+18K+18K) - Up to 2400 Sq.Ft.,TRUE,multi_zone,3,ceiling_cassette,Ceiling Cassette,42000,42000,9K+18K+18K,9000-18000-18000,45000,1.0714,-13,131,cold,22.0,R454B,50,100,check_product_page,FALSE
42000-btu-tri-zone-ceiling-cassette-mini-split-ac-9k-18k-23k-up-to-2900-sq-ft,DELLA 42000 BTU Tri-Zone Ceiling Cassette Mini Split AC (9K+18K+23K) - Up to 2900 Sq.Ft.,TRUE,multi_zone,3,ceiling_cassette,Ceiling Cassette,42000,42000,9K+18K+23K,9000-18000-23000,50000,1.1905,-13,131,cold,22.0,R454B,50,100,check_product_page,FALSE
42000-btu-tri-zone-ceiling-cassette-mini-split-ac-9k-23k-23k-up-to-3400-sq-ft,DELLA 42000 BTU Tri-Zone Ceiling Cassette Mini Split AC (9K+23K+23K) - Up to 3400 Sq.Ft.,TRUE,multi_zone,3,ceiling_cassette,Ceiling Cassette,42000,42000,9K+23K+23K,9000-23000-23000,55000,1.3095,-13,131,cold,22.0,R454B,50,100,check_product_page,FALSE
42000-btu-tri-zone-ceiling-cassette-mini-split-ac-9k-9k-23k-up-to-2300-sq-ft,DELLA 42000 BTU Tri-Zone Ceiling Cassette Mini Split AC (9K+9K+23K) - Up to 2300 Sq.Ft.,TRUE,multi_zone,3,ceiling_cassette,Ceiling Cassette,42000,42000,9K+9K+23K,9000-9000-23000,41000,0.9762,-13,131,cold,22.0,R454B,50,100,check_product_page,FALSE
della-11000-btu-19-seer2-concealed-ducted-mini-split-air-conditioner,DELLA 11000 BTU 19 SEER2 Concealed Ducted Mini Split Air Conditioner,TRUE,single_zone,1,concealed_ducted,Concealed Ducted,11000,11000,,11000,,,-13,131,cold,19.0,R454B,50,100,check_product_page,FALSE
della-12-000-btu-seer2-22-ceiling-cassette-ductless-mini-split-ac-up-to-550-sq-ft,"DELLA 12,000 BTU 22 SEER2 Ceiling Cassette Ductless Mini Split AC - Up to 550 Sq.Ft.",TRUE,single_zone,1,ceiling_cassette,Ceiling Cassette,12000,12000,,12000,,,-13,131,cold,22.0,R454B,50,100,check_product_page,FALSE
della-17000-btu-20-3-seer2-concealed-ducted-mini-split-air-conditioner,DELLA 17000 BTU 20.3 SEER2 Concealed Ducted Mini Split Air Conditioner,TRUE,single_zone,1,concealed_ducted,Concealed Ducted,17000,17000,,17000,,,-13,131,cold,20.3,R454B,50,100,check_product_page,FALSE
della-17000-btu-dual-zone-concealed-ducted-mini-split-heat-pump-ac-9-5k-9-5k,DELLA 17000 BTU Dual Zone Concealed Ducted Mini Split Heat Pump AC (9.5K + 9.5K),TRUE,multi_zone,2,concealed_ducted,Concealed Ducted,17000,17000,9.5K+9.5K,9500-9500,19000,1.1176,-13,131,cold,21.0,R454B,50,100,check_product_page,FALSE
della-18-000-btu-seer2-20-5-ceiling-cassette-ductless-mini-split-ac-up-to-1000-sq-ft,"DELLA 18,000 BTU 20.5 SEER2 Ceiling Cassette Ductless Mini Split AC - Up to 1000 Sq.Ft.",TRUE,single_zone,1,ceiling_cassette,Ceiling Cassette,18000,18000,,18000,,,-13,131,cold,20.5,R454B,50,100,check_product_page,FALSE
della-18000-btu-20-5-seer2-floor-ceiling-mini-split-ac-up-to-1000-sq-ft,DELLA 18000 BTU 20.5 SEER2 Floor Mounted Mini Split AC - Up to 1000 Sq. Ft.,TRUE,single_zone,1,floor_mounted,Floor Mounted,18000,18000,,18000,,,-13,131,cold,20.5,R454B,50,100,check_product_page,FALSE
della-22000-btu-19-seer2-concealed-ducted-mini-split-air-conditioner,DELLA 22000 BTU 19 SEER2 Concealed Ducted Mini Split Air Conditioner,TRUE,single_zone,1,concealed_ducted,Concealed Ducted,17000,22000,,17000,,,-13,131,cold,19.0,R454B,50,100,check_product_page,FALSE
della-22200-btu-20-seer2-floor-ceiling-mini-split-ac-up-to-1500-sq-ft,DELLA 22200 BTU 20 SEER2 Floor Mounted Mini Split AC - Up to 1500 Sq. Ft.,TRUE,single_zone,1,floor_mounted,Floor Mounted,22000,22200,,22000,,,-13,131,cold,20.0,R454B,50,100,check_product_page,FALSE
della-23-000-btu-seer2-22-5-ceiling-cassette-ductless-mini-split-ac-up-to-1500-sq-ft,"DELLA 23,000 BTU 22.5 SEER2 Ceiling Cassette Ductless Mini Split AC - Up to 1500 Sq.Ft.",TRUE,single_zone,1,ceiling_cassette,Ceiling Cassette,23000,23000,,23000,,,-13,131,cold,22.5,R454B,50,100,check_product_page,FALSE
della-27000-btu-dual-zone-concealed-ducted-mini-split-heat-pump-ac-11k-17k,DELLA 27000 BTU Dual Zone Concealed Ducted Mini Split Heat Pump AC (11K + 17K),TRUE,multi_zone,2,concealed_ducted,Concealed Ducted,27000,27000,11K+17K,11000-17000,28000,1.037,-13,131,cold,22.0,R454B,50,100,check_product_page,FALSE
della-27000-btu-dual-zone-concealed-ducted-mini-split-heat-pump-ac-9-5k-17k,DELLA 27000 BTU Dual Zone Concealed Ducted Mini Split Heat Pump AC (9.5K + 17K),TRUE,multi_zone,2,concealed_ducted,Concealed Ducted,27000,27000,9.5K+17K,9500-17000,26500,0.9815,-13,131,cold,22.0,R454B,50,100,check_product_page,FALSE
della-27000-btu-tri-zone-concealed-ducted-mini-split-heat-pump-ac-9-5k-9-5k-11k,DELLA 27000 BTU Tri-Zone Concealed Ducted Mini Split Heat Pump AC (9.5K + 9.5K + 11K),TRUE,multi_zone,3,concealed_ducted,Concealed Ducted,27000,27000,9.5K+9.5K+11K,9500-9500-11000,30000,1.1111,-13,131,cold,22.0,R454B,50,100,check_product_page,FALSE
della-27000-btu-tri-zone-concealed-ducted-mini-split-heat-pump-ac-9-5k-9-5k-9-5k,DELLA 27000 BTU Tri-Zone Concealed Ducted Mini Split Heat Pump AC (9.5K + 9.5K + 9.5K),TRUE,multi_zone,3,concealed_ducted,Concealed Ducted,27000,27000,9.5K+9.5K+9.5K,9500-9500-9500,28500,1.0556,-13,131,cold,22.0,R454B,50,100,check_product_page,FALSE
della-34000-btu-dual-zone-concealed-ducted-mini-split-heat-pump-ac-11k-22k,DELLA 34000 BTU Dual Zone Concealed Ducted Mini Split Heat Pump AC (11K + 22K),TRUE,multi_zone,2,concealed_ducted,Concealed Ducted,34000,34000,11K+22K,11000-22000,33000,0.9706,-13,131,cold,20.0,R454B,50,100,check_product_page,FALSE
della-34000-btu-dual-zone-concealed-ducted-mini-split-heat-pump-ac-17k-17k,DELLA 34000 BTU Dual Zone Concealed Ducted Mini Split Heat Pump AC (17K + 17K),TRUE,multi_zone,2,concealed_ducted,Concealed Ducted,34000,34000,17K+17K,17000-17000,34000,1.0,-13,131,cold,20.0,R454B,50,100,check_product_page,FALSE
della-34000-btu-dual-zone-concealed-ducted-mini-split-heat-pump-ac-9-5k-22k,DELLA 34000 BTU Dual Zone Concealed Ducted Mini Split Heat Pump AC (9.5K + 22K),TRUE,multi_zone,2,concealed_ducted,Concealed Ducted,34000,34000,9.5K+22K,9500-22000,31500,0.9265,-13,131,cold,20.0,R454B,50,100,check_product_page,FALSE
della-34000-btu-quad-zone-concealed-ducted-mini-split-heat-pump-ac-9-5k-9-5k-9-5k-11k,DELLA 34000 BTU Quad Zone Concealed Ducted Mini Split Heat Pump AC (9.5K + 9.5K + 9.5K + 11K),TRUE,multi_zone,4,concealed_ducted,Concealed Ducted,34000,34000,9.5K+9.5K+9.5K+11K,9500-9500-9500-11000,39500,1.1618,-13,131,cold,20.0,R454B,50,100,check_product_page,FALSE
della-34000-btu-quad-zone-concealed-ducted-mini-split-heat-pump-ac-9-5k-9-5k-9-5k-9-5k,DELLA 34000 BTU Quad Zone Concealed Ducted Mini Split Heat Pump AC (9.5K + 9.5K + 9.5K + 9.5K),TRUE,multi_zone,4,concealed_ducted,Concealed Ducted,34000,34000,9.5K+9.5K+9.5K+9.5K,9500-9500-9500-9500,38000,1.1176,-13,131,cold,20.0,R454B,50,100,check_product_page,FALSE
della-34000-btu-tri-zone-concealed-ducted-mini-split-heat-pump-ac-11k-11k-11k,DELLA 34000 BTU Tri-Zone Concealed Ducted Mini Split Heat Pump AC (11K + 11K + 11K),TRUE,multi_zone,3,concealed_ducted,Concealed Ducted,34000,34000,11K+11K+11K,11000-11000-11000,33000,0.9706,-13,131,cold,20.0,R454B,50,100,check_product_page,FALSE
della-34000-btu-tri-zone-concealed-ducted-mini-split-heat-pump-ac-9-5k-11k-11k,DELLA 34000 BTU Tri-Zone Concealed Ducted Mini Split Heat Pump AC (9.5K + 11K + 11K),TRUE,multi_zone,3,concealed_ducted,Concealed Ducted,34000,34000,9.5K+11K+11K,9500-11000-11000,31500,0.9265,-13,131,cold,20.0,R454B,50,100,check_product_page,FALSE
della-34000-btu-tri-zone-concealed-ducted-mini-split-heat-pump-ac-9-5k-11k-17k,DELLA 34000 BTU Tri-Zone Concealed Ducted Mini Split Heat Pump AC (9.5K + 11K + 17K),TRUE,multi_zone,3,concealed_ducted,Concealed Ducted,34000,34000,9.5K+11K+17K,9500-11000-17000,37500,1.1029,-13,131,cold,20.0,R454B,50,100,check_product_page,FALSE
della-34000-btu-tri-zone-concealed-ducted-mini-split-heat-pump-ac-9-5k-9-5k-17k,DELLA 34000 BTU Tri-Zone Concealed Ducted Mini Split Heat Pump AC (9.5K + 9.5K + 17K),TRUE,multi_zone,3,concealed_ducted,Concealed Ducted,34000,34000,9.5K+9.5K+17K,9500-9500-17000,36000,1.0588,-13,131,cold,20.0,R454B,50,100,check_product_page,FALSE
della-41000-btu-dual-zone-concealed-ducted-mini-split-heat-pump-ac-17k-22k,DELLA 41000 BTU Dual Zone Concealed Ducted Mini Split Heat Pump AC (17K + 22K),TRUE,multi_zone,2,concealed_ducted,Concealed Ducted,41000,41000,17K+22K,17000-22000,39000,0.9512,-13,131,cold,20.0,R454B,50,100,check_product_page,FALSE
della-41000-btu-dual-zone-concealed-ducted-mini-split-heat-pump-ac-22k-22k,DELLA 41000 BTU Dual Zone Concealed Ducted Mini Split Heat Pump AC (22K+22K),TRUE,multi_zone,2,concealed_ducted,Concealed Ducted,41000,41000,22K+22K,22000-22000,44000,1.0732,-13,131,cold,,R454B,50,90,check_product_page,FALSE
della-41000-btu-five-zone-concealed-ducted-mini-split-heat-pump-ac-9-5k-9-5k-9-5k-9-5k-9-5k,DELLA 41000 BTU Five Zone Concealed Ducted Mini Split Heat Pump AC (9.5K + 9.5K + 9.5K + 9.5K + 9.5K),TRUE,multi_zone,5,concealed_ducted,Concealed Ducted,41000,41000,9.5K+9.5K+9.5K+9.5K+9.5K,9500-9500-9500-9500-9500,47500,1.1585,-13,131,cold,20.0,R454B,50,100,check_product_page,FALSE
della-41000-btu-quad-zone-concealed-ducted-mini-split-heat-pump-ac-11k-11k-11k-11k,DELLA 41000 BTU Quad Zone Concealed Ducted Mini Split Heat Pump AC (11K+11K+ 11K+ 11K),TRUE,multi_zone,4,concealed_ducted,Concealed Ducted,41000,41000,11K+11K+11K+11K,11000-11000-11000-11000,44000,1.0732,-13,131,cold,,R454B,50,90,check_product_page,FALSE
della-41000-btu-quad-zone-concealed-ducted-mini-split-heat-pump-ac-9-5k-11k-11k-11k,DELLA 41000 BTU Quad Zone Concealed Ducted Mini Split Heat Pump AC (9.5K + 11K + 11K + 11K),TRUE,multi_zone,4,concealed_ducted,Concealed Ducted,41000,41000,9.5K+11K+11K+11K,9500-11000-11000-11000,42500,1.0366,-13,131,cold,20.0,R454B,50,100,check_product_page,FALSE
della-41000-btu-quad-zone-concealed-ducted-mini-split-heat-pump-ac-9-5k-9-5k-11k-11k,DELLA 41000 BTU Quad Zone Concealed Ducted Mini Split Heat Pump AC (9.5K + 9.5K + 11K + 11K),TRUE,multi_zone,4,concealed_ducted,Concealed Ducted,41000,41000,9.5K+9.5K+11K+11K,9500-9500-11000-11000,41000,1.0,-13,131,cold,20.0,R454B,50,100,check_product_page,FALSE
della-41000-btu-quad-zone-concealed-ducted-mini-split-heat-pump-ac-9-5k-9-5k-9-5k-17k,DELLA 41000 BTU Quad Zone Concealed Ducted Mini Split Heat Pump AC (9.5K + 9.5K + 9.5K + 17K),TRUE,multi_zone,4,concealed_ducted,Concealed Ducted,41000,41000,9.5K+9.5K+9.5K+17K,9500-9500-9500-17000,45500,1.1098,-13,131,cold,20.0,R454B,50,100,check_product_page,FALSE
della-41000-btu-tri-zone-concealed-ducted-mini-split-heat-pump-ac-11k-11k-17k,DELLA 41000 BTU Tri-Zone Concealed Ducted Mini Split Heat Pump AC (11K + 11K + 17K),TRUE,multi_zone,3,concealed_ducted,Concealed Ducted,41000,41000,11K+11K+17K,11000-11000-17000,39000,0.9512,-13,131,cold,20.0,R454B,50,100,check_product_page,FALSE
della-41000-btu-tri-zone-concealed-ducted-mini-split-heat-pump-ac-11k-11k-22k,DELLA 41000 BTU Tri-Zone Concealed Ducted Mini Split Heat Pump AC (11K+11K+ 22K),TRUE,multi_zone,3,concealed_ducted,Concealed Ducted,41000,41000,11K+11K+22K,11000-11000-22000,44000,1.0732,-13,131,cold,,R454B,50,90,check_product_page,FALSE
della-41000-btu-tri-zone-concealed-ducted-mini-split-heat-pump-ac-11k-17k-17k,DELLA 41000 BTU Tri-Zone Concealed Ducted Mini Split Heat Pump AC (11K+17K+ 17K),TRUE,multi_zone,3,concealed_ducted,Concealed Ducted,41000,41000,11K+17K+17K,11000-17000-17000,45000,1.0976,-13,131,cold,,R454B,50,90,check_product_page,FALSE
della-41000-btu-tri-zone-concealed-ducted-mini-split-heat-pump-ac-9-5k-11k-17k,DELLA 41000 BTU Tri-Zone Concealed Ducted Mini Split Heat Pump AC (9.5K + 11K + 17K),TRUE,multi_zone,3,concealed_ducted,Concealed Ducted,41000,41000,9.5K+11K+17K,9500-11000-17000,37500,0.9146,-13,131,cold,20.0,R454B,50,100,check_product_page,FALSE
della-41000-btu-tri-zone-concealed-ducted-mini-split-heat-pump-ac-9-5k-11k-22k,DELLA 41000 BTU Tri-Zone Concealed Ducted Mini Split Heat Pump AC (9.5K + 11K + 22K),TRUE,multi_zone,3,concealed_ducted,Concealed Ducted,41000,41000,9.5K+11K+22K,9500-11000-22000,42500,1.0366,-13,131,cold,20.0,R454B,50,100,check_product_page,FALSE
della-41000-btu-tri-zone-concealed-ducted-mini-split-heat-pump-ac-9-5k-17k-17k,DELLA 41000 BTU Tri-Zone Concealed Ducted Mini Split Heat Pump AC (9.5K + 17K + 17K),TRUE,multi_zone,3,concealed_ducted,Concealed Ducted,41000,41000,9.5K+17K+17K,9500-17000-17000,43500,1.061,-13,131,cold,20.0,R454B,50,100,check_product_page,FALSE
della-41000-btu-tri-zone-concealed-ducted-mini-split-heat-pump-ac-9-5k-9-5k-22k,DELLA 41000 BTU Tri-Zone Concealed Ducted Mini Split Heat Pump AC (9.5K + 9.5K + 22K),TRUE,multi_zone,3,concealed_ducted,Concealed Ducted,41000,41000,9.5K+9.5K+22K,9500-9500-22000,41000,1.0,-13,131,cold,20.0,R454B,50,100,check_product_page,FALSE
della-55000-btu-five-zone-ceiling-cassette-mini-split-ac-12k-12k-12k-12k-12k-up-to-2750-sq-ft,DELLA 55000 BTU Five Zone Ceiling Cassette Mini Split AC (12K+12K+12K+12K+12K) - Up to 2750 Sq.Ft.,TRUE,multi_zone,5,ceiling_cassette,Ceiling Cassette,55000,55000,12K+12K+12K+12K+12K,12000-12000-12000-12000-12000,60000,1.0909,-13,131,cold,22.5,R454B,50,100,check_product_page,FALSE
della-55000-btu-five-zone-ceiling-cassette-mini-split-ac-9-5k-12k-12k-12k-12k-up-to-2600-sq-ft,DELLA 55000 BTU Five Zone Ceiling Cassette Mini Split AC (9.5K+12K+12K+12K+12K) - Up to 2600 Sq.Ft.,TRUE,multi_zone,5,ceiling_cassette,Ceiling Cassette,55000,55000,9.5K+12K+12K+12K+12K,9500-12000-12000-12000-12000,57500,1.0455,-13,131,cold,22.5,R454B,50,100,check_product_page,FALSE
della-55000-btu-five-zone-ceiling-cassette-mini-split-ac-9-5k-9-5k-12k-12k-12k-up-to-2450-sq-ft,DELLA 55000 BTU Five Zone Ceiling Cassette Mini Split AC (9.5K+9.5K+12K+12K+12K) - Up to 2450 Sq.Ft.,TRUE,multi_zone,5,ceiling_cassette,Ceiling Cassette,55000,55000,9.5K+9.5K+12K+12K+12K,9500-9500-12000-12000-12000,55000,1.0,-13,131,cold,22.5,R454B,50,100,check_product_page,FALSE
della-55000-btu-five-zone-ceiling-cassette-mini-split-ac-9-5k-9-5k-12k-12k-16k-up-to-2900-sq-ft,DELLA 55000 BTU Five Zone Ceiling Cassette Mini Split AC (9.5K+9.5K+12K+12K+16K) - Up to 2900 Sq.Ft.,TRUE,multi_zone,5,ceiling_cassette,Ceiling Cassette,55000,55000,9.5K+9.5K+12K+12K+16K,9500-9500-12000-12000-16000,59000,1.0727,-13,131,cold,22.5,R454B,50,100,check_product_page,FALSE
della-55000-btu-five-zone-ceiling-cassette-mini-split-ac-9-5k-9-5k-9-5k-12k-12k-up-to-2300-sq-ft,DELLA 55000 BTU Five Zone Ceiling Cassette Mini Split AC (9.5K+9.5K+9.5K+12K+12K) - Up to 2300 Sq.Ft.,TRUE,multi_zone,5,ceiling_cassette,Ceiling Cassette,55000,55000,9.5K+9.5K+9.5K+12K+12K,9500-9500-9500-12000-12000,52500,0.9545,-13,131,cold,22.5,R454B,50,100,check_product_page,FALSE
della-55000-btu-five-zone-ceiling-cassette-mini-split-ac-9-5k-9-5k-9-5k-12k-16k-up-to-2750-sq-ft,DELLA 55000 BTU Five Zone Ceiling Cassette Mini Split AC (9.5K+9.5K+9.5K+12K+16K) - Up to 2750 Sq.Ft.,TRUE,multi_zone,5,ceiling_cassette,Ceiling Cassette,55000,55000,9.5K+9.5K+9.5K+12K+16K,9500-9500-9500-12000-16000,56500,1.0273,-13,131,cold,22.5,R454B,50,100,check_product_page,FALSE
della-55000-btu-five-zone-ceiling-cassette-mini-split-ac-9-5k-9-5k-9-5k-9-5k-12k-up-to-2150-sq-ft,DELLA 55000 BTU Five Zone Ceiling Cassette Mini Split AC (9.5K+9.5K+9.5K+9.5K+12K) - Up to 2150 Sq.Ft.,TRUE,multi_zone,5,ceiling_cassette,Ceiling Cassette,55000,55000,9.5K+9.5K+9.5K+9.5K+12K,9500-9500-9500-9500-12000,50000,0.9091,-13,131,cold,22.5,R454B,50,100,check_product_page,FALSE
della-55000-btu-five-zone-ceiling-cassette-mini-split-ac-9-5k-9-5k-9-5k-9-5k-16k-up-to-2600-sq-ft,DELLA 55000 BTU Five Zone Ceiling Cassette Mini Split AC (9.5K+9.5K+9.5K+9.5K+16K) - Up to 2600 Sq.Ft.,TRUE,multi_zone,5,ceiling_cassette,Ceiling Cassette,55000,55000,9.5K+9.5K+9.5K+9.5K+16K,9500-9500-9500-9500-16000,54000,0.9818,-13,131,cold,22.5,R454B,50,100,check_product_page,FALSE
della-55000-btu-five-zone-ceiling-cassette-mini-split-ac-9-5k-9-5k-9-5k-9-5k-23k-up-to-3100-sq-ft,DELLA 55000 BTU Five Zone Ceiling Cassette Mini Split AC (9.5K+9.5K+9.5K+9.5K+23K) - Up to 3100 Sq.Ft.,TRUE,multi_zone,5,ceiling_cassette,Ceiling Cassette,55000,55000,9.5K+9.5K+9.5K+9.5K+23K,9500-9500-9500-9500-23000,61000,1.1091,-13,131,cold,22.5,R454B,50,100,check_product_page,FALSE
della-55000-btu-five-zone-concealed-ducted-mini-split-heat-pump-ac-11k-11k-11k-11k-11k,DELLA 55000 BTU Five Zone Concealed Ducted Mini Split Heat Pump AC （11K+11K+11K+11K+11K),TRUE,multi_zone,5,concealed_ducted,Concealed Ducted,55000,55000,11K+11K+11K+11K+11K,11000-11000-11000-11000-11000,55000,1.0,-13,131,cold,,R454B,50,100,check_product_page,FALSE
della-55000-btu-five-zone-concealed-ducted-mini-split-heat-pump-ac-11k-11k-11k-11k-17k,DELLA 55000 BTU Five Zone Concealed Ducted Mini Split Heat Pump AC （11K+11K+11K+11K+17K),TRUE,multi_zone,5,concealed_ducted,Concealed Ducted,55000,55000,11K+11K+11K+11K+17K,11000-11000-11000-11000-17000,61000,1.1091,-13,131,cold,,R454B,50,100,check_product_page,FALSE
della-55000-btu-five-zone-concealed-ducted-mini-split-heat-pump-ac-9-5k-11k-11k-11k-11k,DELLA 55000 BTU Five Zone Concealed Ducted Mini Split Heat Pump AC （9.5K+11K+11K+11K+11K),TRUE,multi_zone,5,concealed_ducted,Concealed Ducted,55000,55000,9.5K+11K+11K+11K+11K,9500-11000-11000-11000-11000,53500,0.9727,-13,131,cold,,R454B,50,100,check_product_page,FALSE
della-55000-btu-five-zone-concealed-ducted-mini-split-heat-pump-ac-9-5k-11k-11k-11k-17k,DELLA 55000 BTU Five Zone Concealed Ducted Mini Split Heat Pump AC （9.5K+11K+11K+11K+17K),TRUE,multi_zone,5,concealed_ducted,Concealed Ducted,55000,55000,9.5K+11K+11K+11K+17K,9500-11000-11000-11000-17000,59500,1.0818,-13,131,cold,,R454B,50,100,check_product_page,FALSE
della-55000-btu-five-zone-concealed-ducted-mini-split-heat-pump-ac-9-5k-9-5k-11k-11k-11k,DELLA 55000 BTU Five Zone Concealed Ducted Mini Split Heat Pump AC （9.5K+9.5K+11K+11K+11K),TRUE,multi_zone,5,concealed_ducted,Concealed Ducted,55000,55000,9.5K+9.5K+11K+11K+11K,9500-9500-11000-11000-11000,52000,0.9455,-13,131,cold,,R454B,50,100,check_product_page,FALSE
della-55000-btu-five-zone-concealed-ducted-mini-split-heat-pump-ac-9-5k-9-5k-11k-11k-17k,DELLA 55000 BTU Five Zone Concealed Ducted Mini Split Heat Pump AC （9.5K+9.5K+11K+11K+17K),TRUE,multi_zone,5,concealed_ducted,Concealed Ducted,55000,55000,9.5K+9.5K+11K+11K+17K,9500-9500-11000-11000-17000,58000,1.0545,-13,131,cold,,R454B,50,100,check_product_page,FALSE
della-55000-btu-five-zone-concealed-ducted-mini-split-heat-pump-ac-9-5k-9-5k-9-5k-11k-11k,DELLA 55000 BTU Five Zone Concealed Ducted Mini Split Heat Pump AC （9.5K+9.5K+9.5K+11K+11K),TRUE,multi_zone,5,concealed_ducted,Concealed Ducted,55000,55000,9.5K+9.5K+9.5K+11K+11K,9500-9500-9500-11000-11000,50500,0.9182,-13,131,cold,,R454B,50,100,check_product_page,FALSE
della-55000-btu-five-zone-concealed-ducted-mini-split-heat-pump-ac-9-5k-9-5k-9-5k-11k-17k,DELLA 55000 BTU Five Zone Concealed Ducted Mini Split Heat Pump AC （9.5K+9.5K+9.5K+11K+17K),TRUE,multi_zone,5,concealed_ducted,Concealed Ducted,55000,55000,9.5K+9.5K+9.5K+11K+17K,9500-9500-9500-11000-17000,56500,1.0273,-13,131,cold,,R454B,50,100,check_product_page,FALSE
della-55000-btu-five-zone-concealed-ducted-mini-split-heat-pump-ac-9-5k-9-5k-9-5k-9-5k-11k,DELLA 55000 BTU Five Zone Concealed Ducted Mini Split Heat Pump AC （9.5K+9.5K+9.5K+9.5K+11K),TRUE,multi_zone,5,concealed_ducted,Concealed Ducted,55000,55000,9.5K+9.5K+9.5K+9.5K+11K,9500-9500-9500-9500-11000,49000,0.8909,-13,131,cold,,R454B,50,100,check_product_page,FALSE
della-55000-btu-five-zone-concealed-ducted-mini-split-heat-pump-ac-9-5k-9-5k-9-5k-9-5k-17k,DELLA 55000 BTU Five Zone Concealed Ducted Mini Split Heat Pump AC （9.5K+9.5K+9.5K+9.5K+17K),TRUE,multi_zone,5,concealed_ducted,Concealed Ducted,55000,55000,9.5K+9.5K+9.5K+9.5K+17K,9500-9500-9500-9500-17000,55000,1.0,-13,131,cold,,R454B,50,100,check_product_page,FALSE
della-55000-btu-five-zone-concealed-ducted-mini-split-heat-pump-ac-9-5k-9-5k-9-5k-9-5k-22k,DELLA 55000 BTU Five Zone Concealed Ducted Mini Split Heat Pump AC （9.5K+9.5K+9.5K+9.5K+22K),TRUE,multi_zone,5,concealed_ducted,Concealed Ducted,55000,55000,9.5K+9.5K+9.5K+9.5K+22K,9500-9500-9500-9500-22000,60000,1.0909,-13,131,cold,,R454B,50,100,check_product_page,FALSE
della-55000-btu-quad-zone-ceiling-cassette-mini-split-ac-12k-12k-12k-16k-up-to-2650-sq-ft,DELLA 55000 BTU Quad Zone Ceiling Cassette Mini Split AC (12K+12K+12K+16K) - Up to 2650 Sq.Ft.,TRUE,multi_zone,4,ceiling_cassette,Ceiling Cassette,55000,55000,12K+12K+12K+16K,12000-12000-12000-16000,52000,0.9455,-13,131,cold,22.5,R454B,50,100,check_product_page,FALSE
della-55000-btu-quad-zone-ceiling-cassette-mini-split-ac-12k-12k-12k-23k-up-to-3150-sq-ft,DELLA 55000 BTU Quad Zone Ceiling Cassette Mini Split AC (12K+12K+12K+23K) - Up to 3150 Sq.Ft.,TRUE,multi_zone,4,ceiling_cassette,Ceiling Cassette,55000,55000,12K+12K+12K+23K,12000-12000-12000-23000,59000,1.0727,-13,131,cold,22.5,R454B,50,100,check_product_page,FALSE
della-55000-btu-quad-zone-ceiling-cassette-mini-split-ac-12k-12k-16k-16k-up-to-3100-sq-ft,DELLA 55000 BTU Quad Zone Ceiling Cassette Mini Split AC (12K+12K+16K+16K) - Up to 3100 Sq.Ft.,TRUE,multi_zone,4,ceiling_cassette,Ceiling Cassette,55000,55000,12K+12K+16K+16K,12000-12000-16000-16000,56000,1.0182,-13,131,cold,22.5,R454B,50,100,check_product_page,FALSE
della-55000-btu-quad-zone-ceiling-cassette-mini-split-ac-9-5k-12k-12k-16k-up-to-2500-sq-ft,DELLA 55000 BTU Quad Zone Ceiling Cassette Mini Split AC (9.5K+12K+12K+16K) - Up to 2500 Sq.Ft.,TRUE,multi_zone,4,ceiling_cassette,Ceiling Cassette,55000,55000,9.5K+12K+12K+16K,9500-12000-12000-16000,49500,0.9,-13,131,cold,22.5,R454B,50,100,check_product_page,FALSE
della-55000-btu-quad-zone-ceiling-cassette-mini-split-ac-9-5k-12k-12k-23k-up-to-3000-sq-ft,DELLA 55000 BTU Quad Zone Ceiling Cassette Mini Split AC (9.5K+12K+12K+23K) - Up to 3000 Sq.Ft.,TRUE,multi_zone,4,ceiling_cassette,Ceiling Cassette,55000,55000,9.5K+12K+12K+23K,9500-12000-12000-23000,56500,1.0273,-13,131,cold,22.5,R454B,50,100,check_product_page,FALSE
della-55000-btu-quad-zone-ceiling-cassette-mini-split-ac-9-5k-12k-16k-16k-up-to-2950-sq-ft,DELLA 55000 BTU Quad Zone Ceiling Cassette Mini Split AC (9.5K+12K+16K+16K) - Up to 2950 Sq.Ft.,TRUE,multi_zone,4,ceiling_cassette,Ceiling Cassette,55000,55000,9.5K+12K+16K+16K,9500-12000-16000-16000,53500,0.9727,-13,131,cold,22.5,R454B,50,100,check_product_page,FALSE
della-55000-btu-quad-zone-ceiling-cassette-mini-split-ac-9-5k-9-5k-12k-23k-up-to-2850-sq-ft,DELLA 55000 BTU Quad Zone Ceiling Cassette Mini Split AC (9.5K+9.5K+12K+23K) - Up to 2850 Sq.Ft.,TRUE,multi_zone,4,ceiling_cassette,Ceiling Cassette,55000,55000,9.5K+9.5K+12K+23K,9500-9500-12000-23000,54000,0.9818,-13,131,cold,22.5,R454B,50,100,check_product_page,FALSE
della-55000-btu-quad-zone-ceiling-cassette-mini-split-ac-9-5k-9-5k-16k-16k-up-to-2800-sq-ft,DELLA 55000 BTU Quad Zone Ceiling Cassette Mini Split AC (9.5K+9.5K+16K+16K) - Up to 2800 Sq.Ft.,TRUE,multi_zone,4,ceiling_cassette,Ceiling Cassette,55000,55000,9.5K+9.5K+16K+16K,9500-9500-16000-16000,51000,0.9273,-13,131,cold,22.5,R454B,50,100,check_product_page,FALSE
della-55000-btu-quad-zone-ceiling-cassette-mini-split-ac-9-5k-9-5k-16k-23k-up-to-3300-sq-ft,DELLA 55000 BTU Quad Zone Ceiling Cassette Mini Split AC (9.5K+9.5K+16K+23K) - Up to 3300 Sq.Ft.,TRUE,multi_zone,4,ceiling_cassette,Ceiling Cassette,55000,55000,9.5K+9.5K+16K+23K,9500-9500-16000-23000,58000,1.0545,-13,131,cold,22.5,R454B,50,100,check_product_page,FALSE
della-55000-btu-quad-zone-ceiling-cassette-mini-split-ac-9-5k-9-5k-9-5k-23k-up-to-2700-sq-ft,DELLA 55000 BTU Quad Zone Ceiling Cassette Mini Split AC (9.5K+9.5K+9.5K+23K) - Up to 2700 Sq.Ft.,TRUE,multi_zone,4,ceiling_cassette,Ceiling Cassette,55000,55000,9.5K+9.5K+9.5K+23K,9500-9500-9500-23000,51500,0.9364,-13,131,cold,22.5,R454B,50,100,check_product_page,FALSE
della-55000-btu-quad-zone-concealed-ducted-mini-split-heat-pump-ac-11k-11k-11k-17k,DELLA 55000 BTU Quad Zone Concealed Ducted Mini Split Heat Pump AC (11K+11K+11K+17K),TRUE,multi_zone,4,concealed_ducted,Concealed Ducted,55000,55000,11K+11K+11K+17K,11000-11000-11000-17000,50000,0.9091,-13,131,cold,,R454B,50,100,check_product_page,FALSE
della-55000-btu-quad-zone-concealed-ducted-mini-split-heat-pump-ac-11k-11k-11k-22k,DELLA 55000 BTU Quad Zone Concealed Ducted Mini Split Heat Pump AC (11K+11K+11K+22K),TRUE,multi_zone,4,concealed_ducted,Concealed Ducted,55000,55000,11K+11K+11K+22K,11000-11000-11000-22000,55000,1.0,-13,131,cold,,R454B,50,100,check_product_page,FALSE
della-55000-btu-quad-zone-concealed-ducted-mini-split-heat-pump-ac-11k-11k-17k-17k,DELLA 55000 BTU Quad Zone Concealed Ducted Mini Split Heat Pump AC (11K+11K+17K+17K),TRUE,multi_zone,4,concealed_ducted,Concealed Ducted,55000,55000,11K+11K+17K+17K,11000-11000-17000-17000,56000,1.0182,-13,131,cold,,R454B,50,100,check_product_page,FALSE
della-55000-btu-quad-zone-concealed-ducted-mini-split-heat-pump-ac-11k-11k-17k-22k,DELLA 55000 BTU Quad Zone Concealed Ducted Mini Split Heat Pump AC (11K+11K+17K+22K),TRUE,multi_zone,4,concealed_ducted,Concealed Ducted,55000,55000,11K+11K+17K+22K,11000-11000-17000-22000,61000,1.1091,-13,131,cold,,R454B,50,100,check_product_page,FALSE
della-55000-btu-quad-zone-concealed-ducted-mini-split-heat-pump-ac-9-5k-11k-11k-22k,DELLA 55000 BTU Quad Zone Concealed Ducted Mini Split Heat Pump AC (9.5K+11K+11K+22K),TRUE,multi_zone,4,concealed_ducted,Concealed Ducted,55000,55000,9.5K+11K+11K+22K,9500-11000-11000-22000,53500,0.9727,-13,131,cold,,R454B,50,100,check_product_page,FALSE
della-55000-btu-quad-zone-concealed-ducted-mini-split-heat-pump-ac-9-5k-11k-17k-17k,DELLA 55000 BTU Quad Zone Concealed Ducted Mini Split Heat Pump AC (9.5K+11K+17K+17K),TRUE,multi_zone,4,concealed_ducted,Concealed Ducted,55000,55000,9.5K+11K+17K+17K,9500-11000-17000-17000,54500,0.9909,-13,131,cold,,R454B,50,100,check_product_page,FALSE
della-55000-btu-quad-zone-concealed-ducted-mini-split-heat-pump-ac-9-5k-11k-17k-22k,DELLA 55000 BTU Quad Zone Concealed Ducted Mini Split Heat Pump AC (9.5K+11K+17K+22K),TRUE,multi_zone,4,concealed_ducted,Concealed Ducted,55000,55000,9.5K+11K+17K+22K,9500-11000-17000-22000,59500,1.0818,-13,131,cold,,R454B,50,100,check_product_page,FALSE
della-55000-btu-quad-zone-concealed-ducted-mini-split-heat-pump-ac-9-5k-17k-17k-17k,DELLA 55000 BTU Quad Zone Concealed Ducted Mini Split Heat Pump AC (9.5K+17K+17K+17K),TRUE,multi_zone,4,concealed_ducted,Concealed Ducted,55000,55000,9.5K+17K+17K+17K,9500-17000-17000-17000,60500,1.1,-13,131,cold,,R454B,50,100,check_product_page,FALSE
della-55000-btu-quad-zone-concealed-ducted-mini-split-heat-pump-ac-9-5k-9-5k-11k-22k,DELLA 55000 BTU Quad Zone Concealed Ducted Mini Split Heat Pump AC (9.5K+9.5K+11K+22K),TRUE,multi_zone,4,concealed_ducted,Concealed Ducted,55000,55000,9.5K+9.5K+11K+22K,9500-9500-11000-22000,52000,0.9455,-13,131,cold,,R454B,50,100,check_product_page,FALSE
della-55000-btu-quad-zone-concealed-ducted-mini-split-heat-pump-ac-9-5k-9-5k-17k-17k,DELLA 55000 BTU Quad Zone Concealed Ducted Mini Split Heat Pump AC (9.5K+9.5K+17K+17K),TRUE,multi_zone,4,concealed_ducted,Concealed Ducted,55000,55000,9.5K+9.5K+17K+17K,9500-9500-17000-17000,53000,0.9636,-13,131,cold,,R454B,50,100,check_product_page,FALSE
della-55000-btu-quad-zone-concealed-ducted-mini-split-heat-pump-ac-9-5k-9-5k-17k-22k,DELLA 55000 BTU Quad Zone Concealed Ducted Mini Split Heat Pump AC (9.5K+9.5K+17K+22K),TRUE,multi_zone,4,concealed_ducted,Concealed Ducted,55000,55000,9.5K+9.5K+17K+22K,9500-9500-17000-22000,58000,1.0545,-13,131,cold,,R454B,50,100,check_product_page,FALSE
della-55000-btu-quad-zone-concealed-ducted-mini-split-heat-pump-ac-9-5k-9-5k-9-5k-22k,DELLA 55000 BTU Quad Zone Concealed Ducted Mini Split Heat Pump AC (9.5K+9.5K+9.5K+22K),TRUE,multi_zone,4,concealed_ducted,Concealed Ducted,55000,55000,9.5K+9.5K+9.5K+22K,9500-9500-9500-22000,50500,0.9182,-13,131,cold,,R454B,50,100,check_product_page,FALSE
della-55000-btu-six-zone-ceiling-cassette-mini-split-ac-9-5k-9-5k-9-5k-9-5k-12k-12k-up-to-2700-sq-ft,DELLA 55000 BTU Six Zone Ceiling Cassette Mini Split AC (9.5K+9.5K+9.5K+9.5K+12K+12K) - Up to 2700 Sq.Ft.,TRUE,multi_zone,6,ceiling_cassette,Ceiling Cassette,55000,55000,9.5K+9.5K+9.5K+9.5K+12K+12K,9500-9500-9500-9500-12000-12000,62000,1.1273,-13,131,cold,22.5,R454B,50,100,check_product_page,FALSE
della-55000-btu-six-zone-ceiling-cassette-mini-split-ac-9-5k-9-5k-9-5k-9-5k-9-5k-12k-up-to-2550-sq-ft,DELLA 55000 BTU Six Zone Ceiling Cassette Mini Split AC (9.5K+9.5K+9.5K+9.5K+9.5K+12K) - Up to 2550 Sq.Ft.,TRUE,multi_zone,6,ceiling_cassette,Ceiling Cassette,55000,55000,9.5K+9.5K+9.5K+9.5K+9.5K+12K,9500-9500-9500-9500-9500-12000,59500,1.0818,-13,131,cold,22.5,R454B,50,100,check_product_page,FALSE
della-55000-btu-six-zone-ceiling-cassette-mini-split-ac-9-5k-9-5k-9-5k-9-5k-9-5k-9-5k-up-to-2400-sq-ft,DELLA 55000 BTU Six Zone Ceiling Cassette Mini Split AC (9.5K+9.5K+9.5K+9.5K+9.5K+9.5K) - Up to 2400 Sq.Ft.,TRUE,multi_zone,6,ceiling_cassette,Ceiling Cassette,55000,55000,9.5K+9.5K+9.5K+9.5K+9.5K+9.5K,9500-9500-9500-9500-9500-9500,57000,1.0364,-13,131,cold,22.5,R454B,50,100,check_product_page,FALSE
della-55000-btu-six-zone-concealed-ducted-mini-split-heat-pump-ac-11k-11k-11k-11k-11k-11k,DELLA 55000 BTU Six Zone Concealed Ducted Mini Split Heat Pump AC （11K+11K+11K+11K+11K+11K),TRUE,multi_zone,6,concealed_ducted,Concealed Ducted,55000,55000,11K+11K+11K+11K+11K+11K,11000-11000-11000-11000-11000-11000,66000,1.2,-13,131,cold,,R454B,50,100,check_product_page,FALSE
della-55000-btu-six-zone-concealed-ducted-mini-split-heat-pump-ac-9-5k-11k-11k-11k-11k-11k,DELLA 55000 BTU Six Zone Concealed Ducted Mini Split Heat Pump AC （9.5K+11K+11K+11K+11K+11K),TRUE,multi_zone,6,concealed_ducted,Concealed Ducted,55000,55000,9.5K+11K+11K+11K+11K+11K,9500-11000-11000-11000-11000-11000,64500,1.1727,-13,131,cold,,R454B,50,100,check_product_page,FALSE
della-55000-btu-six-zone-concealed-ducted-mini-split-heat-pump-ac-9-5k-9-5k-11k-11k-11k-11k,DELLA 55000 BTU Six Zone Concealed Ducted Mini Split Heat Pump AC （9.5K+9.5K+11K+11K+11K+11K),TRUE,multi_zone,6,concealed_ducted,Concealed Ducted,55000,55000,9.5K+9.5K+11K+11K+11K+11K,9500-9500-11000-11000-11000-11000,63000,1.1455,-13,131,cold,,R454B,50,100,check_product_page,FALSE
della-55000-btu-six-zone-concealed-ducted-mini-split-heat-pump-ac-9-5k-9-5k-11k-11k-11k-17k,DELLA 55000 BTU Six Zone Concealed Ducted Mini Split Heat Pump AC （9.5K+9.5K+11K+11K+11K+17K),TRUE,multi_zone,6,concealed_ducted,Concealed Ducted,55000,55000,9.5K+9.5K+11K+11K+11K+17K,9500-9500-11000-11000-11000-17000,69000,1.2545,-13,131,cold,,R454B,50,100,check_product_page,FALSE
della-55000-btu-six-zone-concealed-ducted-mini-split-heat-pump-ac-9-5k-9-5k-9-5k-11k-11k-11k,DELLA 55000 BTU Six Zone Concealed Ducted Mini Split Heat Pump AC （9.5K+9.5K+9.5K+11K+11K+11K),TRUE,multi_zone,6,concealed_ducted,Concealed Ducted,55000,55000,9.5K+9.5K+9.5K+11K+11K+11K,9500-9500-9500-11000-11000-11000,61500,1.1182,-13,131,cold,,R454B,50,100,check_product_page,FALSE
della-55000-btu-six-zone-concealed-ducted-mini-split-heat-pump-ac-9-5k-9-5k-9-5k-11k-11k-17k,DELLA 55000 BTU Six Zone Concealed Ducted Mini Split Heat Pump AC （9.5K+9.5K+9.5K+11K+11K+17K),TRUE,multi_zone,6,concealed_ducted,Concealed Ducted,55000,55000,9.5K+9.5K+9.5K+11K+11K+17K,9500-9500-9500-11000-11000-17000,67500,1.2273,-13,131,cold,,R454B,50,100,check_product_page,FALSE
della-55000-btu-six-zone-concealed-ducted-mini-split-heat-pump-ac-9-5k-9-5k-9-5k-9-5k-11k-11k,DELLA 55000 BTU Six Zone Concealed Ducted Mini Split Heat Pump AC （9.5K+9.5K+9.5K+9.5K+11K+11K),TRUE,multi_zone,6,concealed_ducted,Concealed Ducted,55000,55000,9.5K+9.5K+9.5K+9.5K+11K+11K,9500-9500-9500-9500-11000-11000,60000,1.0909,-13,131,cold,,R454B,50,100,check_product_page,FALSE
della-55000-btu-six-zone-concealed-ducted-mini-split-heat-pump-ac-9-5k-9-5k-9-5k-9-5k-11k-17k,DELLA 55000 BTU Six Zone Concealed Ducted Mini Split Heat Pump AC （9.5K+9.5K+9.5K+9.5K+11K+17K),TRUE,multi_zone,6,concealed_ducted,Concealed Ducted,55000,55000,9.5K+9.5K+9.5K+9.5K+11K+17K,9500-9500-9500-9500-11000-17000,66000,1.2,-13,131,cold,,R454B,50,100,check_product_page,FALSE
della-55000-btu-six-zone-concealed-ducted-mini-split-heat-pump-ac-9-5k-9-5k-9-5k-9-5k-11k-22k,DELLA 55000 BTU Six Zone Concealed Ducted Mini Split Heat Pump AC （9.5K+9.5K+9.5K+9.5K+11K+22K),TRUE,multi_zone,6,concealed_ducted,Concealed Ducted,55000,55000,9.5K+9.5K+9.5K+9.5K+11K+22K,9500-9500-9500-9500-11000-22000,71000,1.2909,-13,131,cold,,R454B,50,100,check_product_page,FALSE
della-55000-btu-six-zone-concealed-ducted-mini-split-heat-pump-ac-9-5k-9-5k-9-5k-9-5k-17k-17k,DELLA 55000 BTU Six Zone Concealed Ducted Mini Split Heat Pump AC （9.5K+9.5K+9.5K+9.5K+17K+17K),TRUE,multi_zone,6,concealed_ducted,Concealed Ducted,55000,55000,9.5K+9.5K+9.5K+9.5K+17K+17K,9500-9500-9500-9500-17000-17000,72000,1.3091,-13,131,cold,,R454B,50,100,check_product_page,FALSE
della-55000-btu-tri-zone-ceiling-cassette-mini-split-ac-12k-16k-23k-up-to-3050-sq-ft,DELLA 55000 BTU Tri-Zone Ceiling Cassette Mini Split AC (12K+16K+23K) - Up to 3050 Sq.Ft.,TRUE,multi_zone,3,ceiling_cassette,Ceiling Cassette,55000,55000,12K+16K+23K,12000-16000-23000,51000,0.9273,-13,131,cold,22.5,R454B,50,100,check_product_page,FALSE
della-55000-btu-tri-zone-ceiling-cassette-mini-split-ac-12k-23k-23k-up-to-3550-sq-ft,DELLA 55000 BTU Tri-Zone Ceiling Cassette Mini Split AC (12K+23K+23K) - Up to 3550 Sq.Ft.,TRUE,multi_zone,3,ceiling_cassette,Ceiling Cassette,55000,55000,12K+23K+23K,12000-23000-23000,58000,1.0545,-13,131,cold,22.5,R454B,50,100,check_product_page,FALSE
della-55000-btu-tri-zone-ceiling-cassette-mini-split-ac-16k-16k-16k-up-to-3000-sq-ft,DELLA 55000 BTU Tri-Zone Ceiling Cassette Mini Split AC (16K+16K+16K) - Up to 3000 Sq.Ft.,TRUE,multi_zone,3,ceiling_cassette,Ceiling Cassette,55000,55000,16K+16K+16K,16000-16000-16000,48000,0.8727,-13,131,cold,22.5,R454B,50,100,check_product_page,FALSE
della-55000-btu-tri-zone-ceiling-cassette-mini-split-ac-16k-16k-23k-up-to-3500-sq-ft,DELLA 55000 BTU Tri-Zone Ceiling Cassette Mini Split AC (16K+16K+23K) - Up to 3500 Sq.Ft.,TRUE,multi_zone,3,ceiling_cassette,Ceiling Cassette,55000,55000,16K+16K+23K,16000-16000-23000,55000,1.0,-13,131,cold,22.5,R454B,50,100,check_product_page,FALSE
della-55000-btu-tri-zone-ceiling-cassette-mini-split-ac-9-5k-16k-23k-up-to-2900-sq-ft,DELLA 55000 BTU Tri-Zone Ceiling Cassette Mini Split AC (9.5K+16K+23K) - Up to 2900 Sq.Ft.,TRUE,multi_zone,3,ceiling_cassette,Ceiling Cassette,55000,55000,9.5K+16K+23K,9500-16000-23000,48500,0.8818,-13,131,cold,22.5,R454B,50,100,check_product_page,FALSE
della-55000-btu-tri-zone-ceiling-cassette-mini-split-ac-9-5k-23k-23k-up-to-3400-sq-ft,DELLA 55000 BTU Tri-Zone Ceiling Cassette Mini Split AC (9.5K+23K+23K) - Up to 3400 Sq.Ft.,TRUE,multi_zone,3,ceiling_cassette,Ceiling Cassette,55000,55000,9.5K+23K+23K,9500-23000-23000,55500,1.0091,-13,131,cold,22.5,R454B,50,100,check_product_page,FALSE
della-55000-btu-tri-zone-concealed-ducted-mini-split-heat-pump-ac-11k-17k-22k,DELLA 55000 BTU Tri-Zone Concealed Ducted Mini Split Heat Pump AC (11K+17K+22K),TRUE,multi_zone,3,concealed_ducted,Concealed Ducted,55000,55000,11K+17K+22K,11000-17000-22000,50000,0.9091,-13,131,cold,,R454B,50,100,check_product_page,FALSE
della-55000-btu-tri-zone-concealed-ducted-mini-split-heat-pump-ac-11k-22k-22k,DELLA 55000 BTU Tri-Zone Concealed Ducted Mini Split Heat Pump AC (11K+22K+22K),TRUE,multi_zone,3,concealed_ducted,Concealed Ducted,55000,55000,11K+22K+22K,11000-22000-22000,55000,1.0,-13,131,cold,,R454B,50,100,check_product_page,FALSE
della-55000-btu-tri-zone-concealed-ducted-mini-split-heat-pump-ac-17k-17k-17k,DELLA 55000 BTU Tri-Zone Concealed Ducted Mini Split Heat Pump AC (17K+17K+17K),TRUE,multi_zone,3,concealed_ducted,Concealed Ducted,55000,55000,17K+17K+17K,17000-17000-17000,51000,0.9273,-13,131,cold,,R454B,50,100,check_product_page,FALSE
della-55000-btu-tri-zone-concealed-ducted-mini-split-heat-pump-ac-17k-17k-22k,DELLA 55000 BTU Tri-Zone Concealed Ducted Mini Split Heat Pump AC (17K+17K+22K),TRUE,multi_zone,3,concealed_ducted,Concealed Ducted,55000,55000,17K+17K+22K,17000-17000-22000,56000,1.0182,-13,131,cold,,R454B,50,100,check_product_page,FALSE
della-55000-btu-tri-zone-concealed-ducted-mini-split-heat-pump-ac-17k-22k-22k,DELLA 55000 BTU Tri-Zone Concealed Ducted Mini Split Heat Pump AC (17K+22K+22K),TRUE,multi_zone,3,concealed_ducted,Concealed Ducted,55000,55000,17K+22K+22K,17000-22000-22000,61000,1.1091,-13,131,cold,,R454B,50,100,check_product_page,FALSE
della-55000-btu-tri-zone-concealed-ducted-mini-split-heat-pump-ac-9-5k-22k-22k,DELLA 55000 BTU Tri-Zone Concealed Ducted Mini Split Heat Pump AC (9.5K+22K+22K),TRUE,multi_zone,3,concealed_ducted,Concealed Ducted,55000,55000,9.5K+22K+22K,9500-22000-22000,53500,0.9727,-13,131,cold,,R454B,50,100,check_product_page,FALSE
della-9-500-btu-seer2-23-ceiling-cassette-ductless-mini-split-ac-up-to-400-sq-ft,"DELLA 9,500 BTU 23 SEER2 Ceiling Cassette Ductless Mini Split AC - Up to 400 Sq.Ft.",TRUE,single_zone,1,ceiling_cassette,Ceiling Cassette,9500,9500,,9500,,,-13,131,cold,23.0,R454B,50,100,check_product_page,FALSE
della-9500-btu-19-6-seer2-concealed-ducted-mini-split-air-conditioner,DELLA 9500 BTU 19.6 SEER2 Concealed Ducted Mini Split Air Conditioner,TRUE,single_zone,1,concealed_ducted,Concealed Ducted,9500,9500,,9500,,,-13,131,cold,19.6,R454B,50,100,check_product_page,FALSE
della-econo-series-35000-btu-17-seer2-mini-split-heat-pump-ac-up-to-2500-sq-ft,DELLA Econo Series 35000 BTU 17 SEER2 Mini Split Heat Pump AC - Up to 2500 Sq.Ft.,TRUE,single_zone,1,wall_mounted,Econo,35000,35000,,35000,,,5,122,mild,17.0,R32,50,100,check_product_page,FALSE
della-motto-series-12000-btu-19-seer2-mini-split-heat-pump-ac-up-to-550-sq-ft,DELLA Motto Series 12000 BTU 19 SEER2 Mini Split Heat Pump AC – Up to 550 Sq.Ft.,TRUE,single_zone,1,wall_mounted,Motto,12000,12000,,12000,,,5,118,mild,19.0,R32,50,100,check_product_page,FALSE
della-motto-series-12000-btu-20-seer2-mini-split-heat-pump-ac-115v-up-to-550-sq-ft,"DELLA Motto Series 12000 BTU 20 SEER2 Mini Split Heat Pump AC – 115V, Up to 550 Sq.Ft.",TRUE,single_zone,1,wall_mounted,Motto,12000,12000,,12000,,,5,118,mild,20.0,R32,50,100,check_product_page,FALSE
della-motto-series-18000-btu-19-seer2-mini-split-heat-pump-ac-up-to-1000-sq-ft,DELLA Motto Series 18000 BTU 19 SEER2 Mini Split Heat Pump AC – Up to 1000 Sq.Ft.,TRUE,single_zone,1,wall_mounted,Motto,18000,18000,,18000,,,5,118,mild,19.0,R32,50,100,check_product_page,FALSE
della-motto-series-23000-btu-19-seer2-mini-split-heat-pump-ac-up-to-1500-sq-ft,DELLA Motto Series 23000 BTU 19 SEER2 Mini Split Heat Pump AC – Up to 1500 Sq.Ft.,TRUE,single_zone,1,wall_mounted,Motto,23000,23000,,23000,,,5,118,mild,19.0,R32,50,100,check_product_page,FALSE
della-motto-series-9100-btu-19-seer2-mini-split-heat-pump-ac-230v-up-to-400-sq-ft,"DELLA Motto Series 9100 BTU 19 SEER2 Mini Split Heat Pump AC – 230V, Up to 400 Sq.Ft.",TRUE,single_zone,1,wall_mounted,Motto,9100,9100,,9100,,,5,118,mild,19.0,R32,50,100,check_product_page,FALSE
della-motto-series-9100-btu-20-5-seer2-mini-split-heat-pump-ac-up-to-400-sq-ft,DELLA Motto Series 9100 BTU 20.5 SEER2 Mini Split Heat Pump AC - Up to 400 Sq.Ft.,TRUE,single_zone,1,wall_mounted,Motto,9100,9100,,9100,,,5,118,mild,20.5,R32,50,100,check_product_page,FALSE
della-optima-cloud-air-series-27000-btu-dual-zone-mini-split-ac-9-k-9-k-9-k-up-to-1200-sq-ft,DELLA Optima CloudAir Series 27000 BTU Tri-Zone  Mini Split AC (9K+9K+9K)  - Up to 1200 Sq.Ft.,TRUE,multi_zone,3,wall_mounted,Optima,27000,27000,9K+9K+9K,9000-9000-9000,27000,1.0,-13,131,cold,24.0,R454B,50,100,check_product_page,FALSE
della-optima-cloudair-series-12000-btu-23-seer2-ultra-heat-mini-split-ac-up-to-550-sq-ft,DELLA Optima CloudAir Series 12000 BTU 23 SEER2 Ultra Heat Mini Split AC - Up to 550 Sq.Ft.,TRUE,single_zone,1,wall_mounted,Optima,12000,12000,,12000,,,-13,131,cold,23.0,R454B,50,100,check_product_page,FALSE
della-optima-cloudair-series-12000-btu-24-seer2-ultra-heat-mini-split-ac-up-to-550-sq-ft,DELLA Optima CloudAir Series 12000 BTU 24 SEER2 Ultra Heat Mini Split AC - Up to 550 Sq.Ft.,TRUE,single_zone,1,wall_mounted,Optima,12000,12000,,12000,,,-13,131,cold,24.0,R454B,50,100,check_product_page,FALSE
della-optima-cloudair-series-18000-btu-23-seer2-ultra-heat-mini-split-ac-up-to-1000-sq-ft,DELLA Optima CloudAir Series 18000 BTU 23 SEER2 Ultra Heat Mini Split AC - Up to 1000 Sq.Ft.,TRUE,single_zone,1,wall_mounted,Optima,18000,18000,,18000,,,-13,131,cold,23.0,R454B,50,100,check_product_page,FALSE
della-optima-cloudair-series-18000-btu-dual-zone-mini-split-ac-9k-9k-up-to-800-sq-ft,DELLA Optima CloudAir Series 18000 BTU Dual Zone Mini Split AC (9K+9K)  - Up to 800 Sq.Ft.,TRUE,multi_zone,2,wall_mounted,Optima,18000,18000,9K+9K,9000-9000,18000,1.0,-13,131,cold,24.0,R454B,50,100,check_product_page,FALSE
della-optima-cloudair-series-23000-btu-23-seer2-ultra-heat-mini-split-ac-up-to-1500-sq-ft,DELLA Optima CloudAir Series 23000 BTU 23 SEER2 Ultra Heat Mini Split AC - Up to 1500 Sq.Ft.,TRUE,single_zone,1,wall_mounted,Optima,23000,23000,,23000,,,-13,131,cold,23.0,R454B,50,100,check_product_page,FALSE
della-optima-cloudair-series-27000-btu-dual-zone-mini-split-ac-9k-18k-up-to-1400-sq-ft,DELLA Optima CloudAir Series 27000 BTU Dual Zone Mini Split AC (9K+18K)  - Up to 1400 Sq.Ft.,TRUE,multi_zone,2,wall_mounted,Optima,27000,27000,9K+18K,9000-18000,27000,1.0,-13,131,cold,24.0,R454B,50,100,check_product_page,FALSE
della-optima-cloudair-series-35000-btu-dual-zone-mini-split-ac-12k-23k-up-to-2050-sq-ft,DELLA Optima CloudAir Series 35000 BTU Dual Zone Mini Split AC (12K+23K)  - Up to 2050 Sq.Ft.,TRUE,multi_zone,2,wall_mounted,Optima,35000,35000,12K+23K,12000-23000,35000,1.0,-13,131,cold,22.5,R454B,50,100,check_product_page,FALSE
della-optima-cloudair-series-35000-btu-dual-zone-mini-split-ac-18k-18k-up-to-2000-sq-ft,DELLA Optima CloudAir Series 35000 BTU Dual Zone Mini Split AC (18K+18K)  - Up to 2000 Sq.Ft.,TRUE,multi_zone,2,wall_mounted,Optima,35000,35000,18K+18K,18000-18000,36000,1.0286,-13,131,cold,22.5,R454B,50,100,check_product_page,FALSE
della-optima-cloudair-series-35000-btu-dual-zone-mini-split-ac-9k-23k-up-to-1900-sq-ft,DELLA Optima CloudAir Series 35000 BTU Dual Zone Mini Split AC (9K+23K)  - Up to 1900 Sq.Ft.,TRUE,multi_zone,2,wall_mounted,Optima,35000,35000,9K+23K,9000-23000,32000,0.9143,-13,131,cold,22.5,R454B,50,100,check_product_page,FALSE
della-optima-cloudair-series-35000-btu-quad-zone-mini-split-ac-9k-9k-9k-9k-up-to-1600-sq-ft,DELLA Optima CloudAir Series 35000 BTU Quad Zone Mini Split AC (9K+9K+9K+9K)  - Up to 1600 Sq.Ft.,TRUE,multi_zone,4,wall_mounted,Optima,35000,35000,9K+9K+9K+9K,9000-9000-9000-9000,36000,1.0286,-13,131,cold,22.5,R454B,50,100,check_product_page,FALSE
della-optima-cloudair-series-35000-btu-tri-zone-mini-split-ac-12k-12k-12k-up-to-1650-sq-ft,DELLA Optima CloudAir Series 35000 BTU Tri-Zone Mini Split AC (12K+12K+12K)  - Up to 1650 Sq.Ft.,TRUE,multi_zone,3,wall_mounted,Optima,35000,35000,12K+12K+12K,12000-12000-12000,36000,1.0286,-13,131,cold,22.5,R454B,50,100,check_product_page,FALSE
della-optima-cloudair-series-35000-btu-tri-zone-mini-split-ac-9k-12k-12k-up-to-1500-sq-ft,DELLA Optima CloudAir Series 35000 BTU Tri-Zone Mini Split AC (9K+12K+12K)  - Up to 1500 Sq.Ft.,TRUE,multi_zone,3,wall_mounted,Optima,35000,35000,9K+12K+12K,9000-12000-12000,33000,0.9429,-13,131,cold,22.5,R454B,50,100,check_product_page,FALSE
della-optima-cloudair-series-35000-btu-tri-zone-mini-split-ac-9k-9k-18k-up-to-1800-sq-ft,DELLA Optima CloudAir Series 35000 BTU Tri-Zone Mini Split AC (9K+9K+18K)  - Up to 1800 Sq.Ft.,TRUE,multi_zone,3,wall_mounted,Optima,35000,35000,9K+9K+18K,9000-9000-18000,36000,1.0286,-13,131,cold,22.5,R454B,50,100,check_product_page,FALSE
della-optima-cloudair-series-42000-btu-dual-zone-mini-split-ac-18k-23k-up-to-2500-sq-ft,DELLA Optima CloudAir Series 42000 BTU Dual Zone Mini Split AC (18K+23K)  - Up to 2500 Sq.Ft.,TRUE,multi_zone,2,wall_mounted,Optima,42000,42000,18K+23K,18000-23000,41000,0.9762,-13,131,cold,22.0,R454B,50,100,check_product_page,FALSE
della-optima-cloudair-series-42000-btu-dual-zone-mini-split-ac-23k-23k-up-to-3000-sq-ft,DELLA Optima CloudAir Series 42000 BTU Dual Zone Mini Split AC (23K+23K)  - Up to 3000 Sq.Ft.,TRUE,multi_zone,2,wall_mounted,Optima,42000,42000,23K+23K,23000-23000,46000,1.0952,-13,131,cold,22.0,R454B,50,100,check_product_page,FALSE
della-optima-cloudair-series-42000-btu-five-zone-mini-split-ac-9k-9k-9k-9k-9k-up-to-2000-sq-ft,DELLA Optima CloudAir Series 42000 BTU Five Zone Mini Split AC (9K+9K+9K+9K+9K)  - Up to 2000 Sq.Ft.,TRUE,multi_zone,5,wall_mounted,Optima,42000,42000,9K+9K+9K+9K+9K,9000-9000-9000-9000-9000,45000,1.0714,-13,131,cold,22.0,R454B,50,100,check_product_page,FALSE
della-optima-cloudair-series-42000-btu-quad-zone-mini-split-ac-9k-12k-12k-12k-up-to-2050-sq-ft,DELLA Optima CloudAir Series 42000 BTU Quad Zone Mini Split AC (9K+12K+12K+12K)  - Up to 2050 Sq.Ft.,TRUE,multi_zone,4,wall_mounted,Optima,42000,42000,9K+12K+12K+12K,9000-12000-12000-12000,45000,1.0714,-13,131,cold,22.0,R454B,50,100,check_product_page,FALSE
della-optima-cloudair-series-42000-btu-quad-zone-mini-split-ac-9k-9k-12k-12k-up-to-1900-sq-ft,DELLA Optima CloudAir Series 42000 BTU Quad Zone Mini Split AC (9K+9K+12K+12K)  - Up to 1900 Sq.Ft.,TRUE,multi_zone,4,wall_mounted,Optima,42000,42000,9K+9K+12K+12K,9000-9000-12000-12000,42000,1.0,-13,131,cold,22.0,R454B,50,100,check_product_page,FALSE
della-optima-cloudair-series-42000-btu-quad-zone-mini-split-ac-9k-9k-9k-12k-up-to-1750-sq-ft,DELLA Optima CloudAir Series 42000 BTU Quad Zone Mini Split AC (9K+9K+9K+12K)  - Up to 1750 Sq.Ft.,TRUE,multi_zone,4,wall_mounted,Optima,42000,42000,9K+9K+9K+12K,9000-9000-9000-12000,39000,0.9286,-13,131,cold,22.0,R454B,50,100,check_product_page,FALSE
della-optima-cloudair-series-42000-btu-quad-zone-mini-split-ac-9k-9k-9k-18k-up-to-2200-sq-ft,DELLA Optima CloudAir Series 42000 BTU Quad Zone Mini Split AC (9K+9K+9K+18K)  - Up to 2200 Sq.Ft.,TRUE,multi_zone,4,wall_mounted,Optima,42000,42000,9K+9K+9K+18K,9000-9000-9000-18000,45000,1.0714,-13,131,cold,22.0,R454B,50,100,check_product_page,FALSE
della-optima-cloudair-series-42000-btu-tri-zone-mini-split-ac-12k-12k-18k-up-to-2100-sq-ft,DELLA Optima CloudAir Series 42000 BTU Tri-Zone Mini Split AC (12K+12K+18K)  - Up to 2100 Sq.Ft.,TRUE,multi_zone,3,wall_mounted,Optima,42000,42000,12K+12K+18K,12000-12000-18000,42000,1.0,-13,131,cold,22.0,R454B,50,100,check_product_page,FALSE
della-optima-cloudair-series-42000-btu-tri-zone-mini-split-ac-9k-12k-18k-up-to-1950-sq-ft,DELLA Optima CloudAir Series 42000 BTU Tri-Zone Mini Split AC (9K+12K+18K)  - Up to 1950 Sq.Ft.,TRUE,multi_zone,3,wall_mounted,Optima,42000,42000,9K+12K+18K,9000-12000-18000,39000,0.9286,-13,131,cold,22.0,R454B,50,100,check_product_page,FALSE
della-optima-cloudair-series-42000-btu-tri-zone-mini-split-ac-9k-12k-23k-up-to-2450-sq-ft,DELLA Optima CloudAir Series 42000 BTU Tri-Zone Mini Split AC (9K+12K+23K)  - Up to 2450 Sq.Ft.,TRUE,multi_zone,3,wall_mounted,Optima,42000,42000,9K+12K+23K,9000-12000-23000,44000,1.0476,-13,131,cold,22.0,R454B,50,100,check_product_page,FALSE
della-optima-cloudair-series-42000-btu-tri-zone-mini-split-ac-9k-18k-18k-up-to-2400-sq-ft,DELLA Optima CloudAir Series 42000 BTU Tri-Zone Mini Split AC (9K+18K+18K)  - Up to 2400 Sq.Ft.,TRUE,multi_zone,3,wall_mounted,Optima,42000,42000,9K+18K+18K,9000-18000-18000,45000,1.0714,-13,131,cold,22.0,R454B,50,100,check_product_page,FALSE
della-optima-cloudair-series-42000-btu-tri-zone-mini-split-ac-9k-9k-23k-up-to-2300-sq-ft,DELLA Optima CloudAir Series 42000 BTU Tri-Zone Mini Split AC (9K+9K+23K)  - Up to 2300 Sq.Ft.,TRUE,multi_zone,3,wall_mounted,Optima,42000,42000,9K+9K+23K,9000-9000-23000,41000,0.9762,-13,131,cold,22.0,R454B,50,100,check_product_page,FALSE
della-optima-cloudair-series-55000-btu-five-zone-mini-split-ac-12k-12k-12k-12k-12k-up-to-2750-sq-ft,DELLA Optima CloudAir Series 55000 BTU Five Zone Mini Split AC (12K+12K+12K+12K+12K) - Up to 2750 Sq.Ft.,TRUE,multi_zone,5,wall_mounted,Optima,55000,55000,12K+12K+12K+12K+12K,12000-12000-12000-12000-12000,60000,1.0909,-13,131,cold,22.5,R454B,50,100,check_product_page,FALSE
della-optima-cloudair-series-55000-btu-five-zone-mini-split-ac-9k-12k-12k-12k-12k-up-to-2600-sq-ft,DELLA Optima CloudAir Series 55000 BTU Five Zone Mini Split AC (9K+12K+12K+12K+12K) - Up to 2600 Sq.Ft.,TRUE,multi_zone,5,wall_mounted,Optima,55000,55000,9K+12K+12K+12K+12K,9000-12000-12000-12000-12000,57000,1.0364,-13,131,cold,22.5,R454B,50,100,check_product_page,FALSE
della-optima-cloudair-series-55000-btu-five-zone-mini-split-ac-9k-9k-12k-12k-12k-up-to-2450-sq-ft,DELLA Optima CloudAir Series 55000 BTU Five Zone Mini Split AC (9K+9K+12K+12K+12K) - Up to 2450 Sq.Ft.,TRUE,multi_zone,5,wall_mounted,Optima,55000,55000,9K+9K+12K+12K+12K,9000-9000-12000-12000-12000,54000,0.9818,-13,131,cold,22.5,R454B,50,100,check_product_page,FALSE
della-optima-cloudair-series-55000-btu-five-zone-mini-split-ac-9k-9k-12k-12k-18k-up-to-2900-sq-ft,DELLA Optima CloudAir Series 55000 BTU Five Zone Mini Split AC (9K+9K+12K+12K+18K) - Up to 2900 Sq.Ft.,TRUE,multi_zone,5,wall_mounted,Optima,55000,55000,9K+9K+12K+12K+18K,9000-9000-12000-12000-18000,60000,1.0909,-13,131,cold,22.5,R454B,50,100,check_product_page,FALSE
della-optima-cloudair-series-55000-btu-five-zone-mini-split-ac-9k-9k-9k-12k-12k-up-to-2300-sq-ft,DELLA Optima CloudAir Series 55000 BTU Five Zone Mini Split AC (9K+9K+9K+12K+12K) - Up to 2300 Sq.Ft.,TRUE,multi_zone,5,wall_mounted,Optima,55000,55000,9K+9K+9K+12K+12K,9000-9000-9000-12000-12000,51000,0.9273,-13,131,cold,22.5,R454B,50,100,check_product_page,FALSE
della-optima-cloudair-series-55000-btu-five-zone-mini-split-ac-9k-9k-9k-12k-18k-up-to-2750-sq-ft,DELLA Optima CloudAir Series 55000 BTU Five Zone Mini Split AC (9K+9K+9K+12K+18K) - Up to 2750 Sq.Ft.,TRUE,multi_zone,5,wall_mounted,Optima,55000,55000,9K+9K+9K+12K+18K,9000-9000-9000-12000-18000,57000,1.0364,-13,131,cold,22.5,R454B,50,100,check_product_page,FALSE
della-optima-cloudair-series-55000-btu-five-zone-mini-split-ac-9k-9k-9k-9k-18k-up-to-2600-sq-ft,DELLA Optima CloudAir Series 55000 BTU Five Zone Mini Split AC (9K+9K+9K+9K+18K) - Up to 2600 Sq.Ft.,TRUE,multi_zone,5,wall_mounted,Optima,55000,55000,9K+9K+9K+9K+18K,9000-9000-9000-9000-18000,54000,0.9818,-13,131,cold,22.5,R454B,50,100,check_product_page,FALSE
della-optima-cloudair-series-55000-btu-five-zone-mini-split-ac-9k-9k-9k-9k-23k-up-to-3100-sq-ft,DELLA Optima CloudAir Series 55000 BTU Five Zone Mini Split AC (9K+9K+9K+9K+23K) - Up to 3100 Sq.Ft.,TRUE,multi_zone,5,wall_mounted,Optima,55000,55000,9K+9K+9K+9K+23K,9000-9000-9000-9000-23000,59000,1.0727,-13,131,cold,22.5,R454B,50,100,check_product_page,FALSE
della-optima-cloudair-series-55000-btu-quad-zone-mini-split-ac-12k-12k-12k-18k-up-to-2650-sq-ft,DELLA Optima CloudAir Series 55000 BTU Quad Zone Mini Split AC (12K+12K+12K+18K) - Up to 2650 Sq.Ft.,TRUE,multi_zone,4,wall_mounted,Optima,55000,55000,12K+12K+12K+18K,12000-12000-12000-18000,54000,0.9818,-13,131,cold,22.5,R454B,50,100,check_product_page,FALSE
della-optima-cloudair-series-55000-btu-quad-zone-mini-split-ac-12k-12k-12k-23k-up-to-3150-sq-ft,DELLA Optima CloudAir Series 55000 BTU Quad Zone Mini Split AC (12K+12K+12K+23K) - Up to 3150 Sq.Ft.,TRUE,multi_zone,4,wall_mounted,Optima,55000,55000,12K+12K+12K+23K,12000-12000-12000-23000,59000,1.0727,-13,131,cold,22.5,R454B,50,100,check_product_page,FALSE
della-optima-cloudair-series-55000-btu-quad-zone-mini-split-ac-12k-12k-18k-18k-up-to-3100-sq-ft,DELLA Optima CloudAir Series 55000 BTU Quad Zone Mini Split AC (12K+12K+18K+18K) - Up to 3100 Sq.Ft.,TRUE,multi_zone,4,wall_mounted,Optima,55000,55000,12K+12K+18K+18K,12000-12000-18000-18000,60000,1.0909,-13,131,cold,22.5,R454B,50,100,check_product_page,FALSE
della-optima-cloudair-series-55000-btu-quad-zone-mini-split-ac-9k-12k-12k-18k-up-to-2500-sq-ft,DELLA Optima CloudAir Series 55000 BTU Quad Zone Mini Split AC (9K+12K+12K+18K) - Up to 2500 Sq.Ft.,TRUE,multi_zone,4,wall_mounted,Optima,55000,55000,9K+12K+12K+18K,9000-12000-12000-18000,51000,0.9273,-13,131,cold,22.5,R454B,50,100,check_product_page,FALSE
della-optima-cloudair-series-55000-btu-quad-zone-mini-split-ac-9k-12k-12k-23k-up-to-3000-sq-ft,DELLA Optima CloudAir Series 55000 BTU Quad Zone Mini Split AC (9K+12K+12K+23K) - Up to 3000 Sq.Ft.,TRUE,multi_zone,4,wall_mounted,Optima,55000,55000,9K+12K+12K+23K,9000-12000-12000-23000,56000,1.0182,-13,131,cold,22.5,R454B,50,100,check_product_page,FALSE
della-optima-cloudair-series-55000-btu-quad-zone-mini-split-ac-9k-12k-18k-18k-up-to-2950-sq-ft,DELLA Optima CloudAir Series 55000 BTU Quad Zone Mini Split AC (9K+12K+18K+18K) - Up to 2950 Sq.Ft.,TRUE,multi_zone,4,wall_mounted,Optima,55000,55000,9K+12K+18K+18K,9000-12000-18000-18000,57000,1.0364,-13,131,cold,22.5,R454B,50,100,check_product_page,FALSE
della-optima-cloudair-series-55000-btu-quad-zone-mini-split-ac-9k-9k-12k-23k-up-to-2850-sq-ft,DELLA Optima CloudAir Series 55000 BTU Quad Zone Mini Split AC (9K+9K+12K+23K) - Up to 2850 Sq.Ft.,TRUE,multi_zone,4,wall_mounted,Optima,55000,55000,9K+9K+12K+23K,9000-9000-12000-23000,53000,0.9636,-13,131,cold,22.5,R454B,50,100,check_product_page,FALSE
della-optima-cloudair-series-55000-btu-quad-zone-mini-split-ac-9k-9k-18k-18k-up-to-2800-sq-ft,DELLA Optima CloudAir Series 55000 BTU Quad Zone Mini Split AC (9K+9K+18K+18K) - Up to 2800 Sq.Ft.,TRUE,multi_zone,4,wall_mounted,Optima,55000,55000,9K+9K+18K+18K,9000-9000-18000-18000,54000,0.9818,-13,131,cold,22.5,R454B,50,100,check_product_page,FALSE
della-optima-cloudair-series-55000-btu-quad-zone-mini-split-ac-9k-9k-18k-24k-up-to-3300-sq-ft,DELLA Optima CloudAir Series 55000 BTU Quad Zone Mini Split AC (9K+9K+18K+24K) - Up to 3300 Sq.Ft.,TRUE,multi_zone,4,wall_mounted,Optima,55000,55000,9K+9K+18K+24K,9000-9000-18000-24000,60000,1.0909,-13,131,cold,22.5,R454B,50,100,check_product_page,FALSE
della-optima-cloudair-series-55000-btu-quad-zone-mini-split-ac-9k-9k-9k-23k-up-to-2700-sq-ft,DELLA Optima CloudAir Series 55000 BTU Quad Zone Mini Split AC (9K+9K+9K+23K) - Up to 2700 Sq.Ft.,TRUE,multi_zone,4,wall_mounted,Optima,55000,55000,9K+9K+9K+23K,9000-9000-9000-23000,50000,0.9091,-13,131,cold,22.5,R454B,50,100,check_product_page,FALSE
della-optima-cloudair-series-55000-btu-six-zone-mini-split-ac-9k-9k-9k-9k-12k-12k-up-to-2700-sq-ft,DELLA Optima CloudAir Series 55000 BTU Six Zone Mini Split AC (9K+9K+9K+9K+12K+12K) - Up to 2700 Sq.Ft.,TRUE,multi_zone,6,wall_mounted,Optima,55000,55000,9K+9K+9K+9K+12K+12K,9000-9000-9000-9000-12000-12000,60000,1.0909,-13,131,cold,22.5,R454B,50,100,check_product_page,FALSE
della-optima-cloudair-series-55000-btu-six-zone-mini-split-ac-9k-9k-9k-9k-9k-12k-up-to-2550-sq-ft,DELLA Optima CloudAir Series 55000 BTU Six Zone Mini Split AC (9K+9K+9K+9K+9K+12K) - Up to 2550 Sq.Ft.,TRUE,multi_zone,6,wall_mounted,Optima,55000,55000,9K+9K+9K+9K+9K+12K,9000-9000-9000-9000-9000-12000,57000,1.0364,-13,131,cold,22.5,R454B,50,100,check_product_page,FALSE
della-optima-cloudair-series-55000-btu-six-zone-mini-split-ac-9k-9k-9k-9k-9k-9k-up-to-2400-sq-ft,DELLA Optima CloudAir Series 55000 BTU Six Zone Mini Split AC (9K+9K+9K+9K+9K+9K) - Up to 2400 Sq.Ft.,TRUE,multi_zone,6,wall_mounted,Optima,55000,55000,9K+9K+9K+9K+9K+9K,9000-9000-9000-9000-9000-9000,54000,0.9818,-13,131,cold,22.5,R454B,50,100,check_product_page,FALSE
della-optima-cloudair-series-55000-btu-tri-zone-mini-split-ac-12k-18k-23k-up-to-3050-sq-ft,DELLA Optima CloudAir Series 55000 BTU Tri-Zone Mini Split AC (12K+18K+23K)  - Up to 3050 Sq.Ft.,TRUE,multi_zone,3,wall_mounted,Optima,55000,55000,12K+18K+23K,12000-18000-23000,53000,0.9636,-13,131,cold,22.5,R454B,50,100,check_product_page,FALSE
della-optima-cloudair-series-55000-btu-tri-zone-mini-split-ac-12k-23k-23k-up-to-3550-sq-ft,DELLA Optima CloudAir Series 55000 BTU Tri-Zone Mini Split AC (12K+23K+23K)  - Up to 3550 Sq.Ft.,TRUE,multi_zone,3,wall_mounted,Optima,55000,55000,12K+23K+23K,12000-23000-23000,58000,1.0545,-13,131,cold,22.5,R454B,50,100,check_product_page,FALSE
della-optima-cloudair-series-55000-btu-tri-zone-mini-split-ac-18k-18k-18k-up-to-3000-sq-ft,DELLA Optima CloudAir Series 55000 BTU Tri-Zone Mini Split AC (18K+18K+18K) - Up to 3000 Sq.Ft.,TRUE,multi_zone,3,wall_mounted,Optima,55000,55000,18K+18K+18K,18000-18000-18000,54000,0.9818,-13,131,cold,22.5,R454B,50,100,check_product_page,FALSE
della-optima-cloudair-series-55000-btu-tri-zone-mini-split-ac-18k-18k-23k-up-to-3500-sq-ft,DELLA Optima CloudAir Series 55000 BTU Tri-Zone Mini Split AC (18K+18K+23K) - Up to 3500 Sq.Ft.,TRUE,multi_zone,3,wall_mounted,Optima,55000,55000,18K+18K+23K,18000-18000-23000,59000,1.0727,-13,131,cold,22.5,R454B,50,100,check_product_page,FALSE
della-optima-cloudair-series-55000-btu-tri-zone-mini-split-ac-9k-18k-23k-up-to-2900-sq-ft,DELLA Optima CloudAir Series 55000 BTU Tri-Zone Mini Split AC (9K+18K+23K)  - Up to 2900 Sq.Ft.,TRUE,multi_zone,3,wall_mounted,Optima,55000,55000,9K+18K+23K,9000-18000-23000,50000,0.9091,-13,131,cold,22.5,R454B,50,100,check_product_page,FALSE
della-optima-cloudair-series-55000-btu-tri-zone-mini-split-ac-9k-23k-23k-up-to-3400-sq-ft,DELLA Optima CloudAir Series 55000 BTU Tri-Zone Mini Split AC (9K+23K+23K)  - Up to 3400 Sq.Ft.,TRUE,multi_zone,3,wall_mounted,Optima,55000,55000,9K+23K+23K,9000-23000-23000,55000,1.0,-13,131,cold,22.5,R454B,50,100,check_product_page,FALSE
della-optima-cloudair-series-9000-btu-23-seer2-ultra-heat-mini-split-ac-up-to-400-sq-ft,DELLA Optima CloudAir Series 9000 BTU 23 SEER2 Ultra Heat Mini Split AC - Up to 400 Sq.Ft.,TRUE,single_zone,1,wall_mounted,Optima,9000,9000,,9000,,,-13,131,cold,23.0,R454B,50,100,check_product_page,FALSE
della-optima-plus-series-18000-btu-23-5-seer2-ultra-hyper-heat-mini-split-ac-up-to-1000-sq-ft,DELLA Optima Pro Series 18000 BTU 23.5 SEER2 Ultra Hyper Heat Mini-Split AC - Up to 1000 Sq.Ft.,TRUE,single_zone,1,wall_mounted,Optima Pro,18000,18000,,18000,,,-22,131,very_cold,23.5,R454B,50,100,check_product_page,FALSE
della-optima-plus-series-24000-btu-22-5-seer2-ultra-hyper-heat-mini-split-ac-up-to-1500-sq-ft,DELLA Optima Pro Series 24000 BTU 22.5 SEER2 Ultra Hyper Heat Mini-Split AC - Up to 1500 Sq.Ft.,TRUE,single_zone,1,wall_mounted,Optima Pro,24000,24000,,24000,,,-22,131,very_cold,22.5,R454B,50,100,check_product_page,FALSE
della-optima-plus-series-9000-btu-25-seer2-ultra-hyper-heat-mini-split-ac-up-to-400-sq-ft,DELLA Optima Pro Series 9000 BTU 25 SEER2 Ultra Hyper Heat Mini-Split AC - Up to 400 Sq.Ft.,TRUE,single_zone,1,wall_mounted,Optima Pro,9000,9000,,9000,,,-22,131,very_cold,25.0,R454B,50,100,check_product_page,FALSE
della-optima-pro-cloudair-series-12000-btu-25-seer2-ultra-hyper-heat-mini-split-ac-up-to-550-sq-ft,DELLA Optima Pro CloudAir Series 12000 BTU 25 SEER2 Ultra Hyper Heat Mini Split AC - Up to 550 Sq.Ft.,TRUE,single_zone,1,wall_mounted,Optima Pro,12000,12000,,12000,,,-22,131,very_cold,25.0,R454B,50,100,check_product_page,FALSE
della-optima-pro-cloudair-series-18000-btu-23-5-seer2-ultra-hyper-heat-mini-split-ac-up-to-1000-sq-ft,DELLA Optima Pro CloudAir Series 18000 BTU 23.5 SEER2 Ultra Hyper Heat Mini Split AC - Up to 1000 Sq.Ft.,TRUE,single_zone,1,wall_mounted,Optima Pro,18000,18000,,18000,,,-22,131,very_cold,23.5,R454B,50,100,check_product_page,FALSE
della-optima-pro-cloudair-series-20000-btu-dual-zone-mini-split-ac-6k-12k-up-to-850-sq-ft,DELLA Optima Pro CloudAir Series 20000 BTU Dual Zone Mini Split AC (6K+12K) - Up to 850 Sq.Ft.,TRUE,multi_zone,2,wall_mounted,Optima Pro,20000,20000,6K+12K,6000-12000,18000,0.9,-22,131,very_cold,27.0,R454B,50,100,check_product_page,FALSE
della-optima-pro-cloudair-series-20000-btu-dual-zone-mini-split-ac-9k-12k-up-to-950-sq-ft,DELLA Optima Pro CloudAir Series 20000 BTU Dual Zone Mini Split AC (9K+12K) - Up to 950 Sq.Ft.,TRUE,multi_zone,2,wall_mounted,Optima Pro,20000,20000,9K+12K,9000-12000,21000,1.05,-22,131,very_cold,27.0,R454B,50,100,check_product_page,FALSE
della-optima-pro-cloudair-series-20000-btu-dual-zone-mini-split-ac-9k-9k-up-to-800-sq-ft,DELLA Optima Pro CloudAir Series 20000 BTU Dual Zone Mini Split AC (9K+9K) - Up to 800 Sq.Ft.,TRUE,multi_zone,2,wall_mounted,Optima Pro,20000,20000,9K+9K,9000-9000,18000,0.9,-22,131,very_cold,27.0,R454B,50,100,check_product_page,FALSE
della-optima-pro-cloudair-series-20000-btu-tri-zone-mini-split-ac-6k-6k-6k-up-to-900-sq-ft,DELLA Optima Pro CloudAir Series 20000 BTU Tri-Zone Mini Split AC (6K+6K+6K) - Up to 900 Sq.Ft.,TRUE,multi_zone,3,wall_mounted,Optima Pro,20000,20000,6K+6K+6K,6000-6000-6000,18000,0.9,-22,131,very_cold,27.0,R454B,50,100,check_product_page,FALSE
della-optima-pro-cloudair-series-20000-btu-tri-zone-mini-split-ac-6k-6k-9k-up-to-1000-sq-ft,DELLA Optima Pro CloudAir Series 20000 BTU Tri-Zone Mini Split AC (6K+6K+9K) - Up to 1000 Sq.Ft.,TRUE,multi_zone,3,wall_mounted,Optima Pro,20000,20000,6K+6K+9K,6000-6000-9000,21000,1.05,-22,131,very_cold,27.0,R454B,50,100,check_product_page,FALSE
della-optima-pro-cloudair-series-24000-btu-22-5-seer2-ultra-hyper-heat-mini-split-ac-up-to-1500-sq-ft,DELLA Optima Pro CloudAir Series 24000 BTU 22.5 SEER2 Ultra Hyper Heat Mini Split AC - Up to 1500 Sq.Ft.,TRUE,single_zone,1,wall_mounted,Optima Pro,24000,24000,,24000,,,-22,131,very_cold,22.5,R454B,50,100,check_product_page,FALSE
della-optima-pro-cloudair-series-27000-btu-dual-zone-mini-split-ac-12k-18k-up-to-1550-sq-ft,DELLA Optima Pro CloudAir Series 27000 BTU Dual Zone Mini Split AC (12K+18K) - Up to 1550 Sq.Ft.,TRUE,multi_zone,2,wall_mounted,Optima Pro,27000,27000,12K+18K,12000-18000,30000,1.1111,-22,131,very_cold,26.5,R454B,50,100,check_product_page,FALSE
della-optima-pro-cloudair-series-27000-btu-dual-zone-mini-split-ac-6k-24k-up-to-1800-sq-ft,DELLA Optima Pro CloudAir Series 27000 BTU Dual Zone Mini Split AC (6K+24K) - Up to 1800 Sq.Ft.,TRUE,multi_zone,2,wall_mounted,Optima Pro,27000,27000,6K+24K,6000-24000,30000,1.1111,-22,131,very_cold,26.5,R454B,50,100,check_product_page,FALSE
della-optima-pro-cloudair-series-27000-btu-dual-zone-mini-split-ac-9k-18k-up-to-1400-sq-ft,DELLA Optima Pro CloudAir Series 27000 BTU Dual Zone Mini Split AC (9K+18K) - Up to 1400 Sq.Ft.,TRUE,multi_zone,2,wall_mounted,Optima Pro,27000,27000,9K+18K,9000-18000,27000,1.0,-22,131,very_cold,26.5,R454B,50,100,check_product_page,FALSE
della-optima-pro-cloudair-series-27000-btu-quad-zone-mini-split-ac-6k-6k-6k-12k-up-to-1450-sq-ft,DELLA Optima Pro CloudAir Series 27000 BTU Quad Zone Mini Split AC (6K+6K+6K+12K) - Up to 1450 Sq.Ft.,TRUE,multi_zone,4,wall_mounted,Optima Pro,27000,27000,6K+6K+6K+12K,6000-6000-6000-12000,30000,1.1111,-22,131,very_cold,26.5,R454B,50,100,check_product_page,FALSE
della-optima-pro-cloudair-series-27000-btu-quad-zone-mini-split-ac-6k-6k-6k-9k-up-to-1300-sq-ft,DELLA Optima Pro CloudAir Series 27000 BTU Quad Zone Mini Split AC (6K+6K+6K+9K) - Up to 1300 Sq.Ft.,TRUE,multi_zone,4,wall_mounted,Optima Pro,27000,27000,6K+6K+6K+9K,6000-6000-6000-9000,27000,1.0,-22,131,very_cold,26.5,R454B,50,100,check_product_page,FALSE
della-optima-pro-cloudair-series-27000-btu-quad-zone-mini-split-ac-6k-6k-9k-9k-up-to-1400-sq-ft,DELLA Optima Pro CloudAir Series 27000 BTU Quad Zone Mini Split AC (6K+6K+9K+9K) - Up to 1400 Sq.Ft.,TRUE,multi_zone,4,wall_mounted,Optima Pro,27000,27000,6K+6K+9K+9K,6000-6000-9000-9000,30000,1.1111,-22,131,very_cold,26.5,R454B,50,100,check_product_page,FALSE
della-optima-pro-cloudair-series-27000-btu-tri-zone-mini-split-ac-6k-12k-12k-up-to-1400-sq-ft,DELLA Optima Pro CloudAir Series 27000 BTU Tri-Zone Mini Split AC (6K+12K+12K) - Up to 1400 Sq.Ft.,TRUE,multi_zone,3,wall_mounted,Optima Pro,27000,27000,6K+12K+12K,6000-12000-12000,30000,1.1111,-22,131,very_cold,26.5,R454B,50,100,check_product_page,FALSE
della-optima-pro-cloudair-series-27000-btu-tri-zone-mini-split-ac-6k-6k-18k-up-to-1600-sq-ft,DELLA Optima Pro CloudAir Series 27000 BTU Tri-Zone Mini Split AC (6K+6K+18K) - Up to 1600 Sq.Ft.,TRUE,multi_zone,3,wall_mounted,Optima Pro,27000,27000,6K+6K+18K,6000-6000-18000,30000,1.1111,-22,131,very_cold,26.5,R454B,50,100,check_product_page,FALSE
della-optima-pro-cloudair-series-27000-btu-tri-zone-mini-split-ac-6k-9k-12k-up-to-1250-sq-ft,DELLA Optima Pro CloudAir Series 27000 BTU Tri-Zone Mini Split AC (6K+9K+12K) - Up to 1250 Sq.Ft.,TRUE,multi_zone,3,wall_mounted,Optima Pro,27000,27000,6K+9K+12K,6000-9000-12000,27000,1.0,-22,131,very_cold,26.5,R454B,50,100,check_product_page,FALSE
della-optima-pro-cloudair-series-27000-btu-tri-zone-mini-split-ac-9k-9k-12k-up-to-1350-sq-ft,DELLA Optima Pro CloudAir Series 27000 BTU Tri-Zone Mini Split AC (9K+9K+12K) - Up to 1350 Sq.Ft.,TRUE,multi_zone,3,wall_mounted,Optima Pro,27000,27000,9K+9K+12K,9000-9000-12000,30000,1.1111,-22,131,very_cold,26.5,R454B,50,100,check_product_page,FALSE
della-optima-pro-cloudair-series-27000-btu-tri-zone-mini-split-ac-9k-9k-9k-up-to-1200-sq-ft,DELLA Optima Pro CloudAir Series 27000 BTU Tri-Zone Mini Split AC (9K+9K+9K) - Up to 1200 Sq.Ft.,TRUE,multi_zone,3,wall_mounted,Optima Pro,27000,27000,9K+9K+9K,9000-9000-9000,27000,1.0,-22,131,very_cold,26.5,R454B,50,100,check_product_page,FALSE
della-optima-pro-cloudair-series-36000-btu-dual-zone-mini-split-ac-12k-24k-up-to-2050-sq-ft,DELLA Optima Pro CloudAir Series 36000 BTU Dual Zone Mini Split AC (12K+24K) - Up to 2050 Sq.Ft.,TRUE,multi_zone,2,wall_mounted,Optima Pro,36000,36000,12K+24K,12000-24000,36000,1.0,-22,131,very_cold,25.0,R454B,50,100,check_product_page,FALSE
della-optima-pro-cloudair-series-36000-btu-dual-zone-mini-split-ac-18k-18k-up-to-2000-sq-ft,DELLA Optima Pro CloudAir Series 36000 BTU Dual Zone Mini Split AC (18K+18K) - Up to 2000 Sq.Ft.,TRUE,multi_zone,2,wall_mounted,Optima Pro,36000,36000,18K+18K,18000-18000,36000,1.0,-22,131,very_cold,25.0,R454B,50,100,check_product_page,FALSE
della-optima-pro-cloudair-series-36000-btu-dual-zone-mini-split-ac-9k-24k-up-to-1900-sq-ft,DELLA Optima Pro CloudAir Series 36000 BTU Dual Zone Mini Split AC (9K+24K) - Up to 1900 Sq.Ft.,TRUE,multi_zone,2,wall_mounted,Optima Pro,36000,36000,9K+24K,9000-24000,33000,0.9167,-22,131,very_cold,25.0,R454B,50,100,check_product_page,FALSE
della-optima-pro-cloudair-series-36000-btu-five-zone-mini-split-ac-6k-6k-6k-6k-12k-up-to-1750-sq-ft,DELLA Optima Pro CloudAir Series 36000 BTU Five Zone Mini Split AC (6K+6K+6K+6K+12K) - Up to 1750 Sq.Ft.,TRUE,multi_zone,5,wall_mounted,Optima Pro,36000,36000,6K+6K+6K+6K+12K,6000-6000-6000-6000-12000,36000,1.0,-22,131,very_cold,25.0,R454B,50,100,check_product_page,FALSE
della-optima-pro-cloudair-series-36000-btu-five-zone-mini-split-ac-6k-6k-6k-6k-9k-up-to-1600-sq-ft,DELLA Optima Pro CloudAir Series 36000 BTU Five Zone Mini Split AC (6K+6K+6K+6K+9K) - Up to 1600 Sq.Ft.,TRUE,multi_zone,5,wall_mounted,Optima Pro,36000,36000,6K+6K+6K+6K+9K,6000-6000-6000-6000-9000,33000,0.9167,-22,131,very_cold,25.0,R454B,50,100,check_product_page,FALSE
della-optima-pro-cloudair-series-36000-btu-five-zone-mini-split-ac-6k-6k-6k-9k-12k-up-to-1850-sq-ft,DELLA Optima Pro CloudAir Series 36000 BTU Five Zone Mini Split AC (6K+6K+6K+9K+12K) - Up to 1850 Sq.Ft.,TRUE,multi_zone,5,wall_mounted,Optima Pro,36000,36000,6K+6K+6K+9K+12K,6000-6000-6000-9000-12000,39000,1.0833,-22,131,very_cold,25.0,R454B,50,100,check_product_page,FALSE
della-optima-pro-cloudair-series-36000-btu-five-zone-mini-split-ac-6k-6k-6k-9k-9k-up-to-1700-sq-ft,DELLA Optima Pro CloudAir Series 36000 BTU Five Zone Mini Split AC (6K+6K+6K+9K+9K) - Up to 1700 Sq.Ft.,TRUE,multi_zone,5,wall_mounted,Optima Pro,36000,36000,6K+6K+6K+9K+9K,6000-6000-6000-9000-9000,36000,1.0,-22,131,very_cold,25.0,R454B,50,100,check_product_page,FALSE
della-optima-pro-cloudair-series-36000-btu-five-zone-mini-split-ac-6k-6k-9k-9k-9k-up-to-1800-sq-ft,DELLA Optima Pro CloudAir Series 36000 BTU Five Zone Mini Split AC (6K+6K+9K+9K+9K) - Up to 1800 Sq.Ft.,TRUE,multi_zone,5,wall_mounted,Optima Pro,36000,36000,6K+6K+9K+9K+9K,6000-6000-9000-9000-9000,39000,1.0833,-22,131,very_cold,25.0,R454B,50,100,check_product_page,FALSE
della-optima-pro-cloudair-series-36000-btu-quad-zone-mini-split-ac-6k-6k-12k-12k-up-to-1700-sq-ft,DELLA Optima Pro CloudAir Series 36000 BTU Quad Zone Mini Split AC (6K+6K+12K+12K) - Up to 1700 Sq.Ft.,TRUE,multi_zone,4,wall_mounted,Optima Pro,36000,36000,6K+6K+12K+12K,6000-6000-12000-12000,36000,1.0,-22,131,very_cold,25.0,R454B,50,100,check_product_page,FALSE
della-optima-pro-cloudair-series-36000-btu-quad-zone-mini-split-ac-6k-6k-6k-18k-up-to-1900-sq-ft,DELLA Optima Pro CloudAir Series 36000 BTU Quad Zone Mini Split AC (6K+6K+6K+18K) - Up to 1900 Sq.Ft.,TRUE,multi_zone,4,wall_mounted,Optima Pro,36000,36000,6K+6K+6K+18K,6000-6000-6000-18000,36000,1.0,-22,131,very_cold,25.0,R454B,50,100,check_product_page,FALSE
della-optima-pro-cloudair-series-36000-btu-quad-zone-mini-split-ac-6k-6k-9k-12k-up-to-1550-sq-ft,DELLA Optima Pro CloudAir Series 36000 BTU Quad Zone Mini Split AC (6K+6K+9K+12K) - Up to 1550 Sq.Ft.,TRUE,multi_zone,4,wall_mounted,Optima Pro,36000,36000,6K+6K+9K+12K,6000-6000-9000-12000,33000,0.9167,-22,131,very_cold,25.0,R454B,50,100,check_product_page,FALSE
della-optima-pro-cloudair-series-36000-btu-quad-zone-mini-split-ac-6k-6k-9k-18k-up-to-2000-sq-ft,DELLA Optima Pro CloudAir Series 36000 BTU Quad Zone Mini Split AC (6K+6K+9K+18K) - Up to 2000 Sq.Ft.,TRUE,multi_zone,4,wall_mounted,Optima Pro,36000,36000,6K+6K+9K+18K,6000-6000-9000-18000,39000,1.0833,-22,131,very_cold,25.0,R454B,50,100,check_product_page,FALSE
della-optima-pro-cloudair-series-36000-btu-quad-zone-mini-split-ac-6k-9k-12k-12k-up-to-1800-sq-ft,DELLA Optima Pro CloudAir Series 36000 BTU Quad Zone Mini Split AC (6K+9K+12K+12K) - Up to 1800 Sq.Ft.,TRUE,multi_zone,4,wall_mounted,Optima Pro,36000,36000,6K+9K+12K+12K,6000-9000-12000-12000,39000,1.0833,-22,131,very_cold,25.0,R454B,50,100,check_product_page,FALSE
della-optima-pro-cloudair-series-36000-btu-quad-zone-mini-split-ac-6k-9k-9k-12k-up-to-1650-sq-ft,DELLA Optima Pro CloudAir Series 36000 BTU Quad Zone Mini Split AC (6K+9K+9K+12K) - Up to 1650 Sq.Ft.,TRUE,multi_zone,4,wall_mounted,Optima Pro,36000,36000,6K+9K+9K+12K,6000-9000-9000-12000,36000,1.0,-22,131,very_cold,25.0,R454B,50,100,check_product_page,FALSE
della-optima-pro-cloudair-series-36000-btu-quad-zone-mini-split-ac-6k-9k-9k-9k-up-to-1500-sq-ft,DELLA Optima Pro CloudAir Series 36000 BTU Quad Zone Mini Split AC (6K+9K+9K+9K) - Up to 1500 Sq.Ft.,TRUE,multi_zone,4,wall_mounted,Optima Pro,36000,36000,6K+9K+9K+9K,6000-9000-9000-9000,33000,0.9167,-22,131,very_cold,25.0,R454B,50,100,check_product_page,FALSE
della-optima-pro-cloudair-series-36000-btu-quad-zone-mini-split-ac-9k-9k-9k-12k-up-to-1750-sq-ft,DELLA Optima Pro CloudAir Series 36000 BTU Quad Zone Mini Split AC (9K+9K+9K+12K) - Up to 1750 Sq.Ft.,TRUE,multi_zone,4,wall_mounted,Optima Pro,36000,36000,9K+9K+9K+12K,9000-9000-9000-12000,39000,1.0833,-22,131,very_cold,25.0,R454B,50,100,check_product_page,FALSE
della-optima-pro-cloudair-series-36000-btu-quad-zone-mini-split-ac-9k-9k-9k-9k-up-to-1600-sq-ft,DELLA Optima Pro CloudAir Series 36000 BTU Quad Zone Mini Split AC (9K+9K+9K+9K) - Up to 1600 Sq.Ft.,TRUE,multi_zone,4,wall_mounted,Optima Pro,36000,36000,9K+9K+9K+9K,9000-9000-9000-9000,36000,1.0,-22,131,very_cold,25.0,R454B,50,100,check_product_page,FALSE
della-optima-pro-cloudair-series-36000-btu-tri-zone-mini-split-ac-12k-12k-12k-up-to-1650-sq-ft,DELLA Optima Pro CloudAir Series 36000 BTU Tri-Zone Mini Split AC (12K+12K+12K) - Up to 1650 Sq.Ft.,TRUE,multi_zone,3,wall_mounted,Optima Pro,36000,36000,12K+12K+12K,12000-12000-12000,36000,1.0,-22,131,very_cold,25.0,R454B,50,100,check_product_page,FALSE
della-optima-pro-cloudair-series-36000-btu-tri-zone-mini-split-ac-6k-12k-18k-up-to-1850-sq-ft,DELLA Optima Pro CloudAir Series 36000 BTU Tri-Zone Mini Split AC (6K+12K+18K) - Up to 1850 Sq.Ft.,TRUE,multi_zone,3,wall_mounted,Optima Pro,36000,36000,6K+12K+18K,6000-12000-18000,36000,1.0,-22,131,very_cold,25.0,R454B,50,100,check_product_page,FALSE
della-optima-pro-cloudair-series-36000-btu-tri-zone-mini-split-ac-6k-6k-24k-up-to-2100-sq-ft,DELLA Optima Pro CloudAir Series 36000 BTU Tri-Zone Mini Split AC (6K+6K+24K) - Up to 2100 Sq.Ft.,TRUE,multi_zone,3,wall_mounted,Optima Pro,36000,36000,6K+6K+24K,6000-6000-24000,36000,1.0,-22,131,very_cold,25.0,R454B,50,100,check_product_page,FALSE
della-optima-pro-cloudair-series-36000-btu-tri-zone-mini-split-ac-6k-9k-18k-up-to-1700-sq-ft,DELLA Optima Pro CloudAir Series 36000 BTU Tri-Zone Mini Split AC (6K+9K+18K) - Up to 1700 Sq.Ft.,TRUE,multi_zone,3,wall_mounted,Optima Pro,36000,36000,6K+9K+18K,6000-9000-18000,33000,0.9167,-22,131,very_cold,25.0,R454B,50,100,check_product_page,FALSE
della-optima-pro-cloudair-series-36000-btu-tri-zone-mini-split-ac-6k-9k-24k-up-to-2200-sq-ft,DELLA Optima Pro CloudAir Series 36000 BTU Tri-Zone Mini Split AC (6K+9K+24K) - Up to 2200 Sq.Ft.,TRUE,multi_zone,3,wall_mounted,Optima Pro,36000,36000,6K+9K+24K,6000-9000-24000,39000,1.0833,-22,131,very_cold,25.0,R454B,50,100,check_product_page,FALSE
della-optima-pro-cloudair-series-36000-btu-tri-zone-mini-split-ac-9k-12k-12k-up-to-1500-sq-ft,DELLA Optima Pro CloudAir Series 36000 BTU Tri-Zone Mini Split AC (9K+12K+12K) - Up to 1500 Sq.Ft.,TRUE,multi_zone,3,wall_mounted,Optima Pro,36000,36000,9K+12K+12K,9000-12000-12000,33000,0.9167,-22,131,very_cold,25.0,R454B,50,100,check_product_page,FALSE
della-optima-pro-cloudair-series-36000-btu-tri-zone-mini-split-ac-9k-12k-18k-up-to-1950-sq-ft,DELLA Optima Pro CloudAir Series 36000 BTU Tri-Zone Mini Split AC (9K+12K+18K) - Up to 1950 Sq.Ft.,TRUE,multi_zone,3,wall_mounted,Optima Pro,36000,36000,9K+12K+18K,9000-12000-18000,39000,1.0833,-22,131,very_cold,25.0,R454B,50,100,check_product_page,FALSE
della-optima-pro-cloudair-series-36000-btu-tri-zone-mini-split-ac-9k-9k-18k-up-to-1800-sq-ft,DELLA Optima Pro CloudAir Series 36000 BTU Tri-Zone Mini Split AC (9K+9K+18K) - Up to 1800 Sq.Ft.,TRUE,multi_zone,3,wall_mounted,Optima Pro,36000,36000,9K+9K+18K,9000-9000-18000,36000,1.0,-22,131,very_cold,25.0,R454B,50,100,check_product_page,FALSE
della-optima-pro-cloudair-series-48000-btu-dual-zone-mini-split-ac-24k-24k-up-to-3000-sq-ft,DELLA Optima Pro CloudAir Series 48000 BTU Dual Zone Mini Split AC (24K+24K) - Up to 3000 Sq.Ft.,TRUE,multi_zone,2,wall_mounted,Optima Pro,48000,48000,24K+24K,24000-24000,48000,1.0,-22,131,very_cold,24.0,R454B,50,100,check_product_page,FALSE
della-optima-pro-cloudair-series-48000-btu-five-zone-mini-split-ac-6k-6k-12k-12k-12k-up-to-2250-sq-ft,DELLA Optima Pro CloudAir Series 48000 BTU Five Zone Mini Split AC (6K+6K+12K+12K+12K) - Up to 2250 Sq.Ft.,TRUE,multi_zone,5,wall_mounted,Optima Pro,48000,48000,6K+6K+12K+12K+12K,6000-6000-12000-12000-12000,48000,1.0,-22,131,very_cold,24.0,R454B,50,100,check_product_page,FALSE
della-optima-pro-cloudair-series-48000-btu-five-zone-mini-split-ac-6k-6k-6k-12k-18k-up-to-2450-sq-ft,DELLA Optima Pro CloudAir Series 48000 BTU Five Zone Mini Split AC (6K+6K+6K+12K+18K) - Up to 2450 Sq.Ft.,TRUE,multi_zone,5,wall_mounted,Optima Pro,48000,48000,6K+6K+6K+12K+18K,6000-6000-6000-12000-18000,48000,1.0,-22,131,very_cold,24.0,R454B,50,100,check_product_page,FALSE
della-optima-pro-cloudair-series-48000-btu-five-zone-mini-split-ac-6k-6k-6k-6k-24k-up-to-2700-sq-ft,DELLA Optima Pro CloudAir Series 48000 BTU Five Zone Mini Split AC (6K+6K+6K+6K+24K) - Up to 2700 Sq.Ft.,TRUE,multi_zone,5,wall_mounted,Optima Pro,48000,48000,6K+6K+6K+6K+24K,6000-6000-6000-6000-24000,48000,1.0,-22,131,very_cold,24.0,R454B,50,100,check_product_page,FALSE
della-optima-pro-cloudair-series-48000-btu-five-zone-mini-split-ac-6k-6k-6k-9k-18k-up-to-2300-sq-ft,DELLA Optima Pro CloudAir Series 48000 BTU Five Zone Mini Split AC (6K+6K+6K+9K+18K) - Up to 2300 Sq.Ft.,TRUE,multi_zone,5,wall_mounted,Optima Pro,48000,48000,6K+6K+6K+9K+18K,6000-6000-6000-9000-18000,45000,0.9375,-22,131,very_cold,24.0,R454B,50,100,check_product_page,FALSE
della-optima-pro-cloudair-series-48000-btu-five-zone-mini-split-ac-6k-6k-6k-9k-24k-up-to-2800-sq-ft,DELLA Optima Pro CloudAir Series 48000 BTU Five Zone Mini Split AC (6K+6K+6K+9K+24K) - Up to 2800 Sq.Ft.,TRUE,multi_zone,5,wall_mounted,Optima Pro,48000,48000,6K+6K+6K+9K+24K,6000-6000-6000-9000-24000,51000,1.0625,-22,131,very_cold,24.0,R454B,50,100,check_product_page,FALSE
della-optima-pro-cloudair-series-48000-btu-five-zone-mini-split-ac-6k-6k-9k-12k-12k-up-to-2100-sq-ft,DELLA Optima Pro CloudAir Series 48000 BTU Five Zone Mini Split AC (6K+6K+9K+12K+12K) - Up to 2100 Sq.Ft.,TRUE,multi_zone,5,wall_mounted,Optima Pro,48000,48000,6K+6K+9K+12K+12K,6000-6000-9000-12000-12000,45000,0.9375,-22,131,very_cold,24.0,R454B,50,100,check_product_page,FALSE
della-optima-pro-cloudair-series-48000-btu-five-zone-mini-split-ac-6k-6k-9k-12k-18k-up-to-2550-sq-ft,DELLA Optima Pro CloudAir Series 48000 BTU Five Zone Mini Split AC (6K+6K+9K+12K+18K) - Up to 2550 Sq.Ft.,TRUE,multi_zone,5,wall_mounted,Optima Pro,48000,48000,6K+6K+9K+12K+18K,6000-6000-9000-12000-18000,51000,1.0625,-22,131,very_cold,24.0,R454B,50,100,check_product_page,FALSE
della-optima-pro-cloudair-series-48000-btu-five-zone-mini-split-ac-6k-6k-9k-9k-18k-up-to-2400-sq-ft,DELLA Optima Pro CloudAir Series 48000 BTU Five Zone Mini Split AC (6K+6K+9K+9K+18K) - Up to 2400 Sq.Ft.,TRUE,multi_zone,5,wall_mounted,Optima Pro,48000,48000,6K+6K+9K+9K+18K,6000-6000-9000-9000-18000,48000,1.0,-22,131,very_cold,24.0,R454B,50,100,check_product_page,FALSE
della-optima-pro-cloudair-series-48000-btu-five-zone-mini-split-ac-6k-9k-12k-12k-12k-up-to-2350-sq-ft,DELLA Optima Pro CloudAir Series 48000 BTU Five Zone Mini Split AC (6K+9K+12K+12K+12K) - Up to 2350 Sq.Ft.,TRUE,multi_zone,5,wall_mounted,Optima Pro,48000,48000,6K+9K+12K+12K+12K,6000-9000-12000-12000-12000,51000,1.0625,-22,131,very_cold,24.0,R454B,50,100,check_product_page,FALSE
della-optima-pro-cloudair-series-48000-btu-five-zone-mini-split-ac-6k-9k-9k-12k-12k-up-to-2200-sq-ft,DELLA Optima Pro CloudAir Series 48000 BTU Five Zone Mini Split AC (6K+9K+9K+12K+12K) - Up to 2200 Sq.Ft.,TRUE,multi_zone,5,wall_mounted,Optima Pro,48000,48000,6K+9K+9K+12K+12K,6000-9000-9000-12000-12000,48000,1.0,-22,131,very_cold,24.0,R454B,50,100,check_product_page,FALSE
della-optima-pro-cloudair-series-48000-btu-five-zone-mini-split-ac-6k-9k-9k-9k-12k-up-to-2050-sq-ft,DELLA Optima Pro CloudAir Series 48000 BTU Five Zone Mini Split AC (6K+9K+9K+9K+12K) - Up to 2050 Sq.Ft.,TRUE,multi_zone,5,wall_mounted,Optima Pro,48000,48000,6K+9K+9K+9K+12K,6000-9000-9000-9000-12000,45000,0.9375,-22,131,very_cold,24.0,R454B,50,100,check_product_page,FALSE
della-optima-pro-cloudair-series-48000-btu-five-zone-mini-split-ac-6k-9k-9k-9k-18k-up-to-2500-sq-ft,DELLA Optima Pro CloudAir Series 48000 BTU Five Zone Mini Split AC (6K+9K+9K+9K+18K) - Up to 2500 Sq.Ft.,TRUE,multi_zone,5,wall_mounted,Optima Pro,48000,48000,6K+9K+9K+9K+18K,6000-9000-9000-9000-18000,51000,1.0625,-22,131,very_cold,24.0,R454B,50,100,check_product_page,FALSE
della-optima-pro-cloudair-series-48000-btu-five-zone-mini-split-ac-9k-9k-9k-12k-12k-up-to-2300-sq-ft,DELLA Optima Pro CloudAir Series 48000 BTU Five Zone Mini Split AC (9K+9K+9K+12K+12K) - Up to 2300 Sq.Ft.,TRUE,multi_zone,5,wall_mounted,Optima Pro,48000,48000,9K+9K+9K+12K+12K,9000-9000-9000-12000-12000,51000,1.0625,-22,131,very_cold,24.0,R454B,50,100,check_product_page,FALSE
della-optima-pro-cloudair-series-48000-btu-five-zone-mini-split-ac-9k-9k-9k-9k-12k-up-to-2150-sq-ft,DELLA Optima Pro CloudAir Series 48000 BTU Five Zone Mini Split AC (9K+9K+9K+9K+12K) - Up to 2150 Sq.Ft.,TRUE,multi_zone,5,wall_mounted,Optima Pro,48000,48000,9K+9K+9K+9K+12K,9000-9000-9000-9000-12000,48000,1.0,-22,131,very_cold,24.0,R454B,50,100,check_product_page,FALSE
della-optima-pro-cloudair-series-48000-btu-five-zone-mini-split-ac-9k-9k-9k-9k-9k-up-to-2000-sq-ft,DELLA Optima Pro CloudAir Series 48000 BTU Five Zone Mini Split AC (9K+9K+9K+9K+9K) - Up to 2000 Sq.Ft.,TRUE,multi_zone,5,wall_mounted,Optima Pro,48000,48000,9K+9K+9K+9K+9K,9000-9000-9000-9000-9000,45000,0.9375,-22,131,very_cold,24.0,R454B,50,100,check_product_page,FALSE
della-optima-pro-cloudair-series-48000-btu-quad-zone-mini-split-ac-12k-12k-12k-12k-up-to-2200-sq-ft,DELLA Optima Pro CloudAir Series 48000 BTU Quad Zone Mini Split AC (12K+12K+12K+12K) - Up to 2200 Sq.Ft.,TRUE,multi_zone,4,wall_mounted,Optima Pro,48000,48000,12K+12K+12K+12K,12000-12000-12000-12000,48000,1.0,-22,131,very_cold,24.0,R454B,50,100,check_product_page,FALSE
della-optima-pro-cloudair-series-48000-btu-quad-zone-mini-split-ac-6k-12k-12k-18k-up-to-2400-sq-ft,DELLA Optima Pro CloudAir Series 48000 BTU Quad Zone Mini Split AC (6K+12K+12K+18K) - Up to 2400 Sq.Ft.,TRUE,multi_zone,4,wall_mounted,Optima Pro,48000,48000,6K+12K+12K+18K,6000-12000-12000-18000,48000,1.0,-22,131,very_cold,24.0,R454B,50,100,check_product_page,FALSE
della-optima-pro-cloudair-series-48000-btu-quad-zone-mini-split-ac-6k-6k-12k-24k-up-to-2650-sq-ft,DELLA Optima Pro CloudAir Series 48000 BTU Quad Zone Mini Split AC (6K+6K+12K+24K) - Up to 2650 Sq.Ft.,TRUE,multi_zone,4,wall_mounted,Optima Pro,48000,48000,6K+6K+12K+24K,6000-6000-12000-24000,48000,1.0,-22,131,very_cold,24.0,R454B,50,100,check_product_page,FALSE
della-optima-pro-cloudair-series-48000-btu-quad-zone-mini-split-ac-6k-6k-18k-18k-up-to-2600-sq-ft,DELLA Optima Pro CloudAir Series 48000 BTU Quad Zone Mini Split AC (6K+6K+18K+18K) - Up to 2600 Sq.Ft.,TRUE,multi_zone,4,wall_mounted,Optima Pro,48000,48000,6K+6K+18K+18K,6000-6000-18000-18000,48000,1.0,-22,131,very_cold,24.0,R454B,50,100,check_product_page,FALSE
della-optima-pro-cloudair-series-48000-btu-quad-zone-mini-split-ac-6k-6k-9k-24k-up-to-2500-sq-ft,DELLA Optima Pro CloudAir Series 48000 BTU Quad Zone Mini Split AC (6K+6K+9K+24K) - Up to 2500 Sq.Ft.,TRUE,multi_zone,4,wall_mounted,Optima Pro,48000,48000,6K+6K+9K+24K,6000-6000-9000-24000,45000,0.9375,-22,131,very_cold,24.0,R454B,50,100,check_product_page,FALSE
della-optima-pro-cloudair-series-48000-btu-quad-zone-mini-split-ac-6k-9k-12k-18k-up-to-2250-sq-ft,DELLA Optima Pro CloudAir Series 48000 BTU Quad Zone Mini Split AC (6K+9K+12K+18K) - Up to 2250 Sq.Ft.,TRUE,multi_zone,4,wall_mounted,Optima Pro,48000,48000,6K+9K+12K+18K,6000-9000-12000-18000,45000,0.9375,-22,131,very_cold,24.0,R454B,50,100,check_product_page,FALSE
della-optima-pro-cloudair-series-48000-btu-quad-zone-mini-split-ac-6k-9k-12k-24k-up-to-2750-sq-ft,DELLA Optima Pro CloudAir Series 48000 BTU Quad Zone Mini Split AC (6K+9K+12K+24K) - Up to 2750 Sq.Ft.,TRUE,multi_zone,4,wall_mounted,Optima Pro,48000,48000,6K+9K+12K+24K,6000-9000-12000-24000,51000,1.0625,-22,131,very_cold,24.0,R454B,50,100,check_product_page,FALSE
della-optima-pro-cloudair-series-48000-btu-quad-zone-mini-split-ac-6k-9k-18k-18k-up-to-2700-sq-ft,DELLA Optima Pro CloudAir Series 48000 BTU Quad Zone Mini Split AC (6K+9K+18K+18K) - Up to 2700 Sq.Ft.,TRUE,multi_zone,4,wall_mounted,Optima Pro,48000,48000,6K+9K+18K+18K,6000-9000-18000-18000,51000,1.0625,-22,131,very_cold,24.0,R454B,50,100,check_product_page,FALSE
della-optima-pro-cloudair-series-48000-btu-quad-zone-mini-split-ac-6k-9k-9k-24k-up-to-2600-sq-ft,DELLA Optima Pro CloudAir Series 48000 BTU Quad Zone Mini Split AC (6K+9K+9K+24K) - Up to 2600 Sq.Ft.,TRUE,multi_zone,4,wall_mounted,Optima Pro,48000,48000,6K+9K+9K+24K,6000-9000-9000-24000,48000,1.0,-22,131,very_cold,24.0,R454B,50,100,check_product_page,FALSE
della-optima-pro-cloudair-series-48000-btu-quad-zone-mini-split-ac-9k-12k-12k-12k-up-to-2050-sq-ft,DELLA Optima Pro CloudAir Series 48000 BTU Quad Zone Mini Split AC (9K+12K+12K+12K) - Up to 2050 Sq.Ft.,TRUE,multi_zone,4,wall_mounted,Optima Pro,48000,48000,9K+12K+12K+12K,9000-12000-12000-12000,45000,0.9375,-22,131,very_cold,24.0,R454B,50,100,check_product_page,FALSE
della-optima-pro-cloudair-series-48000-btu-quad-zone-mini-split-ac-9k-12k-12k-18k-up-to-2500-sq-ft,DELLA Optima Pro CloudAir Series 48000 BTU Quad Zone Mini Split AC (9K+12K+12K+18K) - Up to 2500 Sq.Ft.,TRUE,multi_zone,4,wall_mounted,Optima Pro,48000,48000,9K+12K+12K+18K,9000-12000-12000-18000,51000,1.0625,-22,131,very_cold,24.0,R454B,50,100,check_product_page,FALSE
della-optima-pro-cloudair-series-48000-btu-quad-zone-mini-split-ac-9k-9k-12k-18k-up-to-2350-sq-ft,DELLA Optima Pro CloudAir Series 48000 BTU Quad Zone Mini Split AC (9K+9K+12K+18K) - Up to 2350 Sq.Ft.,TRUE,multi_zone,4,wall_mounted,Optima Pro,48000,48000,9K+9K+12K+18K,9000-9000-12000-18000,48000,1.0,-22,131,very_cold,24.0,R454B,50,100,check_product_page,FALSE
della-optima-pro-cloudair-series-48000-btu-quad-zone-mini-split-ac-9k-9k-9k-18k-up-to-2200-sq-ft,DELLA Optima Pro CloudAir Series 48000 BTU Quad Zone Mini Split AC (9K+9K+9K+18K) - Up to 2200 Sq.Ft.,TRUE,multi_zone,4,wall_mounted,Optima Pro,48000,48000,9K+9K+9K+18K,9000-9000-9000-18000,45000,0.9375,-22,131,very_cold,24.0,R454B,50,100,check_product_page,FALSE
della-optima-pro-cloudair-series-48000-btu-quad-zone-mini-split-ac-9k-9k-9k-24k-up-to-2700-sq-ft,DELLA Optima Pro CloudAir Series 48000 BTU Quad Zone Mini Split AC (9K+9K+9K+24K) - Up to 2700 Sq.Ft.,TRUE,multi_zone,4,wall_mounted,Optima Pro,48000,48000,9K+9K+9K+24K,9000-9000-9000-24000,51000,1.0625,-22,131,very_cold,24.0,R454B,50,100,check_product_page,FALSE
della-optima-pro-cloudair-series-48000-btu-six-zone-mini-split-ac-6k-6k-6k-6k-12k-12k-up-to-2300-sq-ft,DELLA Optima Pro CloudAir Series 48000 BTU Six Zone Mini Split AC (6K+6K+6K+6K+12K+12K) - Up to 2300 Sq.Ft.,TRUE,multi_zone,6,wall_mounted,Optima Pro,48000,48000,6K+6K+6K+6K+12K+12K,6000-6000-6000-6000-12000-12000,48000,1.0,-22,131,very_cold,24.0,R454B,50,100,check_product_page,FALSE
della-optima-pro-cloudair-series-48000-btu-six-zone-mini-split-ac-6k-6k-6k-6k-6k-18k-up-to-2500-sq-ft,DELLA Optima Pro CloudAir Series 48000 BTU Six Zone Mini Split AC (6K+6K+6K+6K+6K+18K) - Up to 2500 Sq.Ft.,TRUE,multi_zone,6,wall_mounted,Optima Pro,48000,48000,6K+6K+6K+6K+6K+18K,6000-6000-6000-6000-6000-18000,48000,1.0,-22,131,very_cold,24.0,R454B,50,100,check_product_page,FALSE
della-optima-pro-cloudair-series-48000-btu-six-zone-mini-split-ac-6k-6k-6k-6k-9k-12k-up-to-2150-sq-ft,DELLA Optima Pro CloudAir Series 48000 BTU Six Zone Mini Split AC (6K+6K+6K+6K+9K+12K) - Up to 2150 Sq.Ft.,TRUE,multi_zone,6,wall_mounted,Optima Pro,48000,48000,6K+6K+6K+6K+9K+12K,6000-6000-6000-6000-9000-12000,45000,0.9375,-22,131,very_cold,24.0,R454B,50,100,check_product_page,FALSE
della-optima-pro-cloudair-series-48000-btu-six-zone-mini-split-ac-6k-6k-6k-6k-9k-18k-up-to-2600-sq-ft,DELLA Optima Pro CloudAir Series 48000 BTU Six Zone Mini Split AC (6K+6K+6K+6K+9K+18K) - Up to 2600 Sq.Ft.,TRUE,multi_zone,6,wall_mounted,Optima Pro,48000,48000,6K+6K+6K+6K+9K+18K,6000-6000-6000-6000-9000-18000,51000,1.0625,-22,131,very_cold,24.0,R454B,50,100,check_product_page,FALSE
della-optima-pro-cloudair-series-48000-btu-six-zone-mini-split-ac-6k-6k-6k-9k-12k-12k-up-to-2400-sq-ft,DELLA Optima Pro CloudAir Series 48000 BTU Six Zone Mini Split AC (6K+6K+6K+9K+12K+12K) - Up to 2400 Sq.Ft.,TRUE,multi_zone,6,wall_mounted,Optima Pro,48000,48000,6K+6K+6K+9K+12K+12K,6000-6000-6000-9000-12000-12000,51000,1.0625,-22,131,very_cold,24.0,R454B,50,100,check_product_page,FALSE
della-optima-pro-cloudair-series-48000-btu-six-zone-mini-split-ac-6k-6k-6k-9k-9k-12k-up-to-2250-sq-ft,DELLA Optima Pro CloudAir Series 48000 BTU Six Zone Mini Split AC (6K+6K+6K+9K+9K+12K) - Up to 2250 Sq.Ft.,TRUE,multi_zone,6,wall_mounted,Optima Pro,48000,48000,6K+6K+6K+9K+9K+12K,6000-6000-6000-9000-9000-12000,48000,1.0,-22,131,very_cold,24.0,R454B,50,100,check_product_page,FALSE
della-optima-pro-cloudair-series-48000-btu-six-zone-mini-split-ac-6k-6k-6k-9k-9k-9k-up-to-2100-sq-ft,DELLA Optima Pro CloudAir Series 48000 BTU Six Zone Mini Split AC (6K+6K+6K+9K+9K+9K) - Up to 2100 Sq.Ft.,TRUE,multi_zone,6,wall_mounted,Optima Pro,48000,48000,6K+6K+6K+9K+9K+9K,6000-6000-6000-9000-9000-9000,45000,0.9375,-22,131,very_cold,24.0,R454B,50,100,check_product_page,FALSE
della-optima-pro-cloudair-series-48000-btu-six-zone-mini-split-ac-6k-6k-9k-9k-9k-12k-up-to-2350-sq-ft,DELLA Optima Pro CloudAir Series 48000 BTU Six Zone Mini Split AC (6K+6K+9K+9K+9K+12K) - Up to 2350 Sq.Ft.,TRUE,multi_zone,6,wall_mounted,Optima Pro,48000,48000,6K+6K+9K+9K+9K+12K,6000-6000-9000-9000-9000-12000,51000,1.0625,-22,131,very_cold,24.0,R454B,50,100,check_product_page,FALSE
della-optima-pro-cloudair-series-48000-btu-six-zone-mini-split-ac-6k-6k-9k-9k-9k-9k-up-to-2200-sq-ft,DELLA Optima Pro CloudAir Series 48000 BTU Six Zone Mini Split AC (6K+6K+9K+9K+9K+9K) - Up to 2200 Sq.Ft.,TRUE,multi_zone,6,wall_mounted,Optima Pro,48000,48000,6K+6K+9K+9K+9K+9K,6000-6000-9000-9000-9000-9000,48000,1.0,-22,131,very_cold,24.0,R454B,50,100,check_product_page,FALSE
della-optima-pro-cloudair-series-48000-btu-six-zone-mini-split-ac-6k-9k-9k-9k-9k-9k-up-to-2300-sq-ft,DELLA Optima Pro CloudAir Series 48000 BTU Six Zone Mini Split AC (6K+9K+9K+9K+9K+9K) - Up to 2300 Sq.Ft.,TRUE,multi_zone,6,wall_mounted,Optima Pro,48000,48000,6K+9K+9K+9K+9K+9K,6000-9000-9000-9000-9000-9000,51000,1.0625,-22,131,very_cold,24.0,R454B,50,100,check_product_page,FALSE
della-optima-pro-cloudair-series-48000-btu-tri-zone-mini-split-ac-12k-12k-24k-up-to-2600-sq-ft,DELLA Optima Pro CloudAir Series 48000 BTU Tri-Zone Mini Split AC (12K+12K+24K) - Up to 2600 Sq.Ft.,TRUE,multi_zone,3,wall_mounted,Optima Pro,48000,48000,12K+12K+24K,12000-12000-24000,48000,1.0,-22,131,very_cold,24.0,R454B,50,100,check_product_page,FALSE
della-optima-pro-cloudair-series-48000-btu-tri-zone-mini-split-ac-12k-18k-18k-up-to-2550-sq-ft,DELLA Optima Pro CloudAir Series 48000 BTU Tri-Zone Mini Split AC (12K+18K+18K) - Up to 2550 Sq.Ft.,TRUE,multi_zone,3,wall_mounted,Optima Pro,48000,48000,12K+18K+18K,12000-18000-18000,48000,1.0,-22,131,very_cold,24.0,R454B,50,100,check_product_page,FALSE
della-optima-pro-cloudair-series-48000-btu-tri-zone-mini-split-ac-6k-18k-24k-up-to-2800-sq-ft,DELLA Optima Pro CloudAir Series 48000 BTU Tri-Zone Mini Split AC (6K+18K+24K) - Up to 2800 Sq.Ft.,TRUE,multi_zone,3,wall_mounted,Optima Pro,48000,48000,6K+18K+24K,6000-18000-24000,48000,1.0,-22,131,very_cold,24.0,R454B,50,100,check_product_page,FALSE
della-optima-pro-cloudair-series-48000-btu-tri-zone-mini-split-ac-9k-12k-24k-up-to-2450-sq-ft,DELLA Optima Pro CloudAir Series 48000 BTU Tri-Zone Mini Split AC (9K+12K+24K) - Up to 2450 Sq.Ft.,TRUE,multi_zone,3,wall_mounted,Optima Pro,48000,48000,9K+12K+24K,9000-12000-24000,45000,0.9375,-22,131,very_cold,24.0,R454B,50,100,check_product_page,FALSE
della-optima-pro-cloudair-series-48000-btu-tri-zone-mini-split-ac-9k-18k-18k-up-to-2400-sq-ft,DELLA Optima Pro CloudAir Series 48000 BTU Tri-Zone Mini Split AC (9K+18K+18K) - Up to 2400 Sq.Ft.,TRUE,multi_zone,3,wall_mounted,Optima Pro,48000,48000,9K+18K+18K,9000-18000-18000,45000,0.9375,-22,131,very_cold,24.0,R454B,50,100,check_product_page,FALSE
della-optima-pro-cloudair-series-48000-btu-tri-zone-mini-split-ac-9k-18k-24k-up-to-2900-sq-ft,DELLA Optima Pro CloudAir Series 48000 BTU Tri-Zone Mini Split AC (9K+18K+24K) - Up to 2900 Sq.Ft.,TRUE,multi_zone,3,wall_mounted,Optima Pro,48000,48000,9K+18K+24K,9000-18000-24000,51000,1.0625,-22,131,very_cold,24.0,R454B,50,100,check_product_page,FALSE
della-optima-pro-cloudair-series-9000-btu-25-seer2-ultra-hyper-heat-mini-split-ac-up-to-400-sq-ft,DELLA Optima Pro CloudAir Series 9000 BTU 25 SEER2 Ultra Hyper Heat Mini Split AC - Up to 400 Sq.Ft.,TRUE,single_zone,1,wall_mounted,Optima Pro,9000,9000,,9000,,,-22,131,very_cold,25.0,R454B,50,100,check_product_page,FALSE
della-optima-series-12000-btu-25-seer2-ultra-hyper-heat-mini-split-ac-up-to-550-sq-ft,DELLA Optima Pro Series 12000 BTU 25 SEER2 Ultra Hyper Heat Mini-Split AC - Up to 550 Sq.Ft.,TRUE,single_zone,1,wall_mounted,Optima Pro,12000,12000,,12000,,,-22,131,very_cold,25.0,R454B,50,100,check_product_page,FALSE
della-serena-cloud-air-series-12000-btu-22-seer2-mini-split-heat-pump-ac-up-to-550-sq-ft,DELLA Serena CloudAir Series 12000 BTU 22 SEER2 Mini Split Heat Pump AC - Up to 550 Sq.Ft.,TRUE,single_zone,1,wall_mounted,Serena,12000,12000,,12000,,,5,125,mild,22.0,R32,50,100,check_product_page,FALSE
della-serena-cloud-air-series-18000-btu-22-seer2-mini-split-heat-pump-ac-up-to-1000-sq-ft,DELLA Serena CloudAir Series 18000 BTU 22 SEER2 Mini Split Heat Pump AC - Up to 1000 Sq.Ft.,TRUE,single_zone,1,wall_mounted,Serena,18000,18000,,18000,,,5,125,mild,22.0,R32,50,100,check_product_page,FALSE
della-serena-cloud-air-series-23000-btu-22-seer2-mini-split-heat-pump-ac-up-to-1500-sq-ft,DELLA Serena CloudAir Series 23000 BTU 22 SEER2 Mini Split Heat Pump AC - Up to 1500 Sq.Ft.,TRUE,single_zone,1,wall_mounted,Serena,23000,23000,,23000,,,5,125,mild,22.0,R32,50,100,check_product_page,FALSE
della-serena-cloud-air-series-9000-btu-22-seer2-mini-split-heat-pump-ac-up-to-400-sq-ft,DELLA Serena CloudAir Series 9000 BTU 22 SEER2 Mini Split Heat Pump AC - Up to 400 Sq.Ft.,TRUE,single_zone,1,wall_mounted,Serena,9000,9000,,9000,,,5,125,mild,22.0,R32,50,100,check_product_page,FALSE
della-serena-cloud-air-series-9800-btu-22-seer2-mini-split-heat-pump-ac-up-to-400-sq-ft,DELLA Serena CloudAir Series 9800 BTU 22 SEER2 Mini Split Heat Pump AC - Up to 400 Sq.Ft.,TRUE,single_zone,1,wall_mounted,Serena,9800,9800,,9800,,,5,125,mild,22.0,R32,50,100,check_product_page,FALSE
della-serena-series-18000-btu-dual-zone-mini-split-ac-12k-12k-up-to-1100-sq-ft,DELLA Serena Series 18000 BTU Dual Zone Mini Split AC (12K + 12K) - Up to 1100 Sq.Ft.,TRUE,multi_zone,2,wall_mounted,Serena,18000,18000,12K+12K,12000-12000,24000,1.3333,5,125,mild,22.0,R32,50,100,check_product_page,FALSE
della-serena-series-18000-btu-dual-zone-mini-split-ac-7k-12k-up-to-850-sq-ft,DELLA Serena Series 18000 BTU Dual Zone Mini Split AC (7K + 12K) - Up to 850 Sq.Ft.,TRUE,multi_zone,2,wall_mounted,Serena,18000,18000,7K+12K,7000-12000,19000,1.0556,5,125,mild,22.0,R32,50,100,check_product_page,FALSE
della-serena-series-18000-btu-dual-zone-mini-split-ac-7k-7k-up-to-600-sq-ft,DELLA Serena Series 18000 BTU Dual Zone Mini Split AC (7K + 7K) - Up to 600 Sq.Ft.,TRUE,multi_zone,2,wall_mounted,Serena,18000,18000,7K+7K,7000-7000,14000,0.7778,5,125,mild,22.0,R32,50,100,check_product_page,FALSE
della-serena-series-18000-btu-dual-zone-mini-split-ac-7k-9k-up-to-700-sq-ft,DELLA Serena Series 18000 BTU Dual Zone Mini Split AC (7K + 9K) - Up to 700 Sq.Ft.,TRUE,multi_zone,2,wall_mounted,Serena,18000,18000,7K+9K,7000-9000,16000,0.8889,5,125,mild,22.0,R32,50,100,check_product_page,FALSE
della-serena-series-18000-btu-dual-zone-mini-split-ac-9k-12k-up-to-950-sq-ft,DELLA Serena Series 18000 BTU Dual Zone Mini Split AC (9K + 12K) - Up to 950 Sq.Ft.,TRUE,multi_zone,2,wall_mounted,Serena,18000,18000,9K+12K,9000-12000,21000,1.1667,5,125,mild,22.0,R32,50,100,check_product_page,FALSE
della-serena-series-18000-btu-dual-zone-mini-split-ac-9k-9k-up-to-800-sq-ft,DELLA Serena Series 18000 BTU Dual Zone Mini Split AC (9K + 9K) - Up to 800 Sq.Ft.,TRUE,multi_zone,2,wall_mounted,Serena,18000,18000,9K+9K,9000-9000,18000,1.0,5,125,mild,22.0,R32,50,100,check_product_page,FALSE
della-serena-series-9000-btu-22-seer2-mini-split-heat-pump-ac-up-to-400-sq-ft,DELLA Serena Series 9000 BTU 22 SEER2 Mini-Split Heat Pump AC - Up to 400 Sq.Ft.,TRUE,single_zone,1,wall_mounted,Serena,9000,9000,,9000,,,5,125,mild,22.0,R32,50,100,check_product_page,FALSE
della-serena-series-9800-btu-22-seer2-mini-split-heat-pump-ac-up-to-400-sq-ft,DELLA Serena Series 9800 BTU 22 SEER2 Mini-Split Heat Pump AC - Up to 400 Sq.Ft.,TRUE,single_zone,1,wall_mounted,Serena,9800,9800,,9800,,,5,125,mild,22.0,R32,50,100,check_product_page,FALSE
della-umbra-series-12000-btu-19-seer2-mini-split-heat-pump-ac-up-to-550-sq-ft,DELLA Umbra Series 12000 BTU 19 SEER2 Mini Split Heat Pump AC - Up to 550 Sq.Ft.,TRUE,single_zone,1,wall_mounted,Umbra,12000,12000,,12000,,,5,118,mild,19.0,R32,50,100,check_product_page,FALSE
della-umbra-series-12000-btu-20-seer2-mini-split-heat-pump-ac-115v-up-to-550-sq-ft,"DELLA Umbra Series 12000 BTU 20 SEER2 Mini Split Heat Pump AC - 115V, Up to 550 Sq.Ft.",TRUE,single_zone,1,wall_mounted,Umbra,12000,12000,,12000,,,5,118,mild,20.0,R32,50,100,check_product_page,FALSE
della-umbra-series-18000-btu-19-seer2-mini-split-heat-pump-ac-230v-up-to-1000-sq-ft,"DELLA Umbra Series 18000 BTU 19 SEER2 Mini Split Heat Pump AC - 230V, Up to 1000 Sq.Ft.",TRUE,single_zone,1,wall_mounted,Umbra,18000,18000,,18000,,,5,118,mild,19.0,R32,50,100,check_product_page,FALSE
della-umbra-series-23000-btu-19-seer2-mini-split-heat-pump-ac-up-to-1500-sq-ft,DELLA Umbra Series 23000 BTU 19 SEER2 Mini Split Heat Pump AC - Up to 1500 Sq.Ft.,TRUE,single_zone,1,wall_mounted,Umbra,23000,23000,,23000,,,5,118,mild,19.0,R32,50,100,check_product_page,FALSE
della-umbra-series-9100-btu-19-seer2-mini-split-heat-pump-ac-up-to-400-sq-ft,DELLA Umbra Series 9100 BTU 19 SEER2 Mini Split Heat Pump AC - Up to 400 Sq.Ft.,TRUE,single_zone,1,wall_mounted,Umbra,9100,9100,,9100,,,5,118,mild,19.0,R32,50,100,check_product_page,FALSE
della-umbra-series-9100-btu-20-5-seer2-mini-split-heat-pump-ac-up-to-400-sq-ft,DELLA Umbra Series 9100 BTU 20.5 SEER2 Mini Split Heat Pump AC - Up to 400 Sq.Ft.,TRUE,single_zone,1,wall_mounted,Umbra,9100,9100,,9100,,,5,118,mild,20.5,R32,50,100,check_product_page,FALSE
della-vario-series-55000-btu-five-zone-mini-split-ac-12k-12k-12k-12k-12k-up-to-2750-sq-ft,DELLA Vario Series 55000 BTU Five Zone Mini Split AC (12K+12K+12K+12K+12K) - Up to 2750 Sq.Ft.,TRUE,multi_zone,5,wall_mounted,Vario,55000,55000,12K+12K+12K+12K+12K,12000-12000-12000-12000-12000,60000,1.0909,-4,122,cool,22.5,R454B,50,100,check_product_page,FALSE
della-vario-series-55000-btu-five-zone-mini-split-ac-9k-12k-12k-12k-12k-up-to-2600-sq-ft,DELLA Vario Series 55000 BTU Five Zone Mini Split AC (9K+12K+12K+12K+12K) - Up to 2600 Sq.Ft.,TRUE,multi_zone,5,wall_mounted,Vario,55000,55000,9K+12K+12K+12K+12K,9000-12000-12000-12000-12000,57000,1.0364,-4,122,cool,22.5,R454B,50,100,check_product_page,FALSE
della-vario-series-55000-btu-five-zone-mini-split-ac-9k-9k-12k-12k-12k-up-to-2450-sq-ft,DELLA Vario Series 55000 BTU Five Zone Mini Split AC (9K+9K+12K+12K+12K) - Up to 2450 Sq.Ft.,TRUE,multi_zone,5,wall_mounted,Vario,55000,55000,9K+9K+12K+12K+12K,9000-9000-12000-12000-12000,54000,0.9818,-4,122,cool,22.5,R454B,50,100,check_product_page,FALSE
della-vario-series-55000-btu-five-zone-mini-split-ac-9k-9k-12k-12k-18k-up-to-2900-sq-ft,DELLA Vario Series 55000 BTU Five Zone Mini Split AC (9K+9K+12K+12K+18K) - Up to 2900 Sq.Ft.,TRUE,multi_zone,5,wall_mounted,Vario,55000,55000,9K+9K+12K+12K+18K,9000-9000-12000-12000-18000,60000,1.0909,-4,122,cool,22.5,R454B,50,100,check_product_page,FALSE
della-vario-series-55000-btu-five-zone-mini-split-ac-9k-9k-9k-12k-12k-up-to-2300-sq-ft,DELLA Vario Series 55000 BTU Five Zone Mini Split AC (9K+9K+9K+12K+12K) - Up to 2300 Sq.Ft.,TRUE,multi_zone,5,wall_mounted,Vario,55000,55000,9K+9K+9K+12K+12K,9000-9000-9000-12000-12000,51000,0.9273,-4,122,cool,22.5,R454B,50,100,check_product_page,FALSE
della-vario-series-55000-btu-five-zone-mini-split-ac-9k-9k-9k-12k-18k-up-to-2750-sq-ft,DELLA Vario Series 55000 BTU Five Zone Mini Split AC (9K+9K+9K+12K+18K) - Up to 2750 Sq.Ft.,TRUE,multi_zone,5,wall_mounted,Vario,55000,55000,9K+9K+9K+12K+18K,9000-9000-9000-12000-18000,57000,1.0364,-4,122,cool,22.5,R454B,50,100,check_product_page,FALSE
della-vario-series-55000-btu-five-zone-mini-split-ac-9k-9k-9k-9k-18k-up-to-2600-sq-ft,DELLA Vario Series 55000 BTU Five Zone Mini Split AC (9K+9K+9K+9K+18K) - Up to 2600 Sq.Ft.,TRUE,multi_zone,5,wall_mounted,Vario,55000,55000,9K+9K+9K+9K+18K,9000-9000-9000-9000-18000,54000,0.9818,-4,122,cool,22.5,R454B,50,100,check_product_page,FALSE
della-vario-series-55000-btu-five-zone-mini-split-ac-9k-9k-9k-9k-24k-up-to-3100-sq-ft,DELLA Vario Series 55000 BTU Five Zone Mini Split AC (9K+9K+9K+9K+24K) - Up to 3100 Sq.Ft.,TRUE,multi_zone,5,wall_mounted,Vario,55000,55000,9K+9K+9K+9K+24K,9000-9000-9000-9000-24000,60000,1.0909,-4,122,cool,22.5,R454B,50,100,check_product_page,FALSE
della-vario-series-55000-btu-quad-zone-mini-split-ac-12k-12k-12k-18k-up-to-2650-sq-ft,DELLA Vario Series 55000 BTU Quad Zone Mini Split AC (12K+12K+12K+18K) - Up to 2650 Sq.Ft.,TRUE,multi_zone,4,wall_mounted,Vario,55000,55000,12K+12K+12K+18K,12000-12000-12000-18000,54000,0.9818,-4,122,cool,22.5,R454B,50,100,check_product_page,FALSE
della-vario-series-55000-btu-quad-zone-mini-split-ac-12k-12k-12k-24k-up-to-3150-sq-ft,DELLA Vario Series 55000 BTU Quad Zone Mini Split AC (12K+12K+12K+24K) - Up to 3150 Sq.Ft.,TRUE,multi_zone,4,wall_mounted,Vario,55000,55000,12K+12K+12K+24K,12000-12000-12000-24000,60000,1.0909,-4,122,cool,22.5,R454B,50,100,check_product_page,FALSE
della-vario-series-55000-btu-quad-zone-mini-split-ac-12k-12k-18k-18k-up-to-3100-sq-ft,DELLA Vario Series 55000 BTU Quad Zone Mini Split AC (12K+12K+18K+18K) - Up to 3100 Sq.Ft.,TRUE,multi_zone,4,wall_mounted,Vario,55000,55000,12K+12K+18K+18K,12000-12000-18000-18000,60000,1.0909,-4,122,cool,22.5,R454B,50,100,check_product_page,FALSE
della-vario-series-55000-btu-quad-zone-mini-split-ac-9k-12k-12k-18k-up-to-2500-sq-ft,DELLA Vario Series 55000 BTU Quad Zone Mini Split AC (9K+12K+12K+18K) - Up to 2500 Sq.Ft.,TRUE,multi_zone,4,wall_mounted,Vario,55000,55000,9K+12K+12K+18K,9000-12000-12000-18000,51000,0.9273,-4,122,cool,22.5,R454B,50,100,check_product_page,FALSE
della-vario-series-55000-btu-quad-zone-mini-split-ac-9k-12k-12k-24k-up-to-3000-sq-ft,DELLA Vario Series 55000 BTU Quad Zone Mini Split AC (9K+12K+12K+24K) - Up to 3000 Sq.Ft.,TRUE,multi_zone,4,wall_mounted,Vario,55000,55000,9K+12K+12K+24K,9000-12000-12000-24000,57000,1.0364,-4,122,cool,22.5,R454B,50,100,check_product_page,FALSE
della-vario-series-55000-btu-quad-zone-mini-split-ac-9k-12k-18k-18k-up-to-2950-sq-ft,DELLA Vario Series 55000 BTU Quad Zone Mini Split AC (9K+12K+18K+18K) - Up to 2950 Sq.Ft.,TRUE,multi_zone,4,wall_mounted,Vario,55000,55000,9K+12K+18K+18K,9000-12000-18000-18000,57000,1.0364,-4,122,cool,22.5,R454B,50,100,check_product_page,FALSE
della-vario-series-55000-btu-quad-zone-mini-split-ac-9k-9k-12k-24k-up-to-2850-sq-ft,DELLA Vario Series 55000 BTU Quad Zone Mini Split AC (9K+9K+12K+24K) - Up to 2850 Sq.Ft.,TRUE,multi_zone,4,wall_mounted,Vario,55000,55000,9K+9K+12K+24K,9000-9000-12000-24000,54000,0.9818,-4,122,cool,22.5,R454B,50,100,check_product_page,FALSE
della-vario-series-55000-btu-quad-zone-mini-split-ac-9k-9k-18k-18k-up-to-2800-sq-ft,DELLA Vario Series 55000 BTU Quad Zone Mini Split AC (9K+9K+18K+18K) - Up to 2800 Sq.Ft.,TRUE,multi_zone,4,wall_mounted,Vario,55000,55000,9K+9K+18K+18K,9000-9000-18000-18000,54000,0.9818,-4,122,cool,22.5,R454B,50,100,check_product_page,FALSE
della-vario-series-55000-btu-quad-zone-mini-split-ac-9k-9k-18k-24k-up-to-3300-sq-ft,DELLA Vario Series 55000 BTU Quad Zone Mini Split AC (9K+9K+18K+24K) - Up to 3300 Sq.Ft.,TRUE,multi_zone,4,wall_mounted,Vario,55000,55000,9K+9K+18K+24K,9000-9000-18000-24000,60000,1.0909,-4,122,cool,22.5,R454B,50,100,check_product_page,FALSE
della-vario-series-55000-btu-quad-zone-mini-split-ac-9k-9k-9k-24k-up-to-2700-sq-ft,DELLA Vario Series 55000 BTU Quad Zone Mini Split AC (9K+9K+9K+24K) - Up to 2700 Sq.Ft.,TRUE,multi_zone,4,wall_mounted,Vario,55000,55000,9K+9K+9K+24K,9000-9000-9000-24000,51000,0.9273,-4,122,cool,22.5,R454B,50,100,check_product_page,FALSE
della-vario-series-55000-btu-six-zone-mini-split-ac-9k-9k-9k-9k-12k-12k-up-to-2700-sq-ft,DELLA Vario Series 55000 BTU Six Zone Mini Split AC (9K+9K+9K+9K+12K+12K) - Up to 2700 Sq.Ft.,TRUE,multi_zone,6,wall_mounted,Vario,55000,55000,9K+9K+9K+9K+12K+12K,9000-9000-9000-9000-12000-12000,60000,1.0909,-4,122,cool,22.5,R454B,50,100,check_product_page,FALSE
della-vario-series-55000-btu-six-zone-mini-split-ac-9k-9k-9k-9k-9k-12k-up-to-2550-sq-ft,DELLA Vario Series 55000 BTU Six Zone Mini Split AC (9K+9K+9K+9K+9K+12K) - Up to 2550 Sq.Ft.,TRUE,multi_zone,6,wall_mounted,Vario,55000,55000,9K+9K+9K+9K+9K+12K,9000-9000-9000-9000-9000-12000,57000,1.0364,-4,122,cool,22.5,R454B,50,100,check_product_page,FALSE
della-vario-series-55000-btu-six-zone-mini-split-ac-9k-9k-9k-9k-9k-9k-up-to-2400-sq-ft,DELLA Vario Series 55000 BTU Six Zone Mini Split AC (9K+9K+9K+9K+9K+9K) - Up to 2400 Sq.Ft.,TRUE,multi_zone,6,wall_mounted,Vario,55000,55000,9K+9K+9K+9K+9K+9K,9000-9000-9000-9000-9000-9000,54000,0.9818,-4,122,cool,22.5,R454B,50,100,check_product_page,FALSE
della-vario-series-55000-btu-tri-zone-mini-split-ac-12k-18k-24k-up-to-3050-sq-ft,DELLA Vario Series 55000 BTU Tri-Zone Mini Split AC (12K+18K+24K) - Up to 3050 Sq.Ft.,TRUE,multi_zone,3,wall_mounted,Vario,55000,55000,12K+18K+24K,12000-18000-24000,54000,0.9818,-4,122,cool,22.5,R454B,50,100,check_product_page,FALSE
della-vario-series-55000-btu-tri-zone-mini-split-ac-12k-24k-24k-up-to-3550-sq-ft,DELLA Vario Series 55000 BTU Tri-Zone Mini Split AC (12K+24K+24K) - Up to 3550 Sq.Ft.,TRUE,multi_zone,3,wall_mounted,Vario,55000,55000,12K+24K+24K,12000-24000-24000,60000,1.0909,-4,122,cool,22.5,R454B,50,100,check_product_page,FALSE
della-vario-series-55000-btu-tri-zone-mini-split-ac-18k-18k-18k-up-to-3000-sq-ft,DELLA Vario Series 55000 BTU Tri-Zone Mini Split AC (18K+18K+18K) - Up to 3000 Sq.Ft.,TRUE,multi_zone,3,wall_mounted,Vario,55000,55000,18K+18K+18K,18000-18000-18000,54000,0.9818,-4,122,cool,22.5,R454B,50,100,check_product_page,FALSE
della-vario-series-55000-btu-tri-zone-mini-split-ac-18k-18k-24k-up-to-3500-sq-ft,DELLA Vario Series 55000 BTU Tri-Zone Mini Split AC (18K+18K+24K) - Up to 3500 Sq.Ft.,TRUE,multi_zone,3,wall_mounted,Vario,55000,55000,18K+18K+24K,18000-18000-24000,60000,1.0909,-4,122,cool,22.5,R454B,50,100,check_product_page,FALSE
della-vario-series-55000-btu-tri-zone-mini-split-ac-9k-18k-24k-up-to-2900-sq-ft,DELLA Vario Series 55000 BTU Tri-Zone Mini Split AC (9K+18K+24K) - Up to 2900 Sq.Ft.,TRUE,multi_zone,3,wall_mounted,Vario,55000,55000,9K+18K+24K,9000-18000-24000,51000,0.9273,-4,122,cool,22.5,R454B,50,100,check_product_page,FALSE
della-vario-series-55000-btu-tri-zone-mini-split-ac-9k-24k-24k-up-to-3400-sq-ft,DELLA Vario Series 55000 BTU Tri-Zone Mini Split AC (9K+24K+24K) - Up to 3400 Sq.Ft.,TRUE,multi_zone,3,wall_mounted,Vario,55000,55000,9K+24K+24K,9000-24000-24000,57000,1.0364,-4,122,cool,22.5,R454B,50,100,check_product_page,FALSE
della-vario-series-9000-btu-19-seer2-mini-split-heat-pump-ac-r-454b-up-to-400-sq-ft,DELLA Vario Series 9000 BTU 19 SEER2 Mini Split Heat Pump AC (R-454B) - Up to 400 Sq.Ft.,TRUE,single_zone,1,wall_mounted,Vario,9000,9000,,9000,,,-4,122,cool,19.0,R454B,50,100,check_product_page,FALSE
della-vita-series-12000-btu-20-seer2-mini-split-heat-pump-ac-up-to-550-sq-ft,DELLA Vita Series 12000 BTU 20 SEER2 Mini Split Heat Pump AC - Up to 550 Sq.Ft.,TRUE,single_zone,1,wall_mounted,Vario,12000,12000,,12000,,,-4,122,cool,20.0,R32,50,100,check_product_page,FALSE
della-vita-series-18000-btu-20-seer2-mini-split-heat-pump-ac-up-to-1000-sq-ft,DELLA Vita Series 18000 BTU 20 SEER2 Mini Split Heat Pump AC - Up to 1000 Sq.Ft.,TRUE,single_zone,1,wall_mounted,Vario,18000,18000,,18000,,,-4,122,cool,20.0,R32,50,100,check_product_page,FALSE
della-vita-series-18000-btu-dual-zone-mini-split-ac-9k-9k-up-to-800-sq-ft,DELLA Vita Series 18000 BTU Dual Zone Mini Split AC (9K+9K) - Up to 800 Sq.Ft.,TRUE,multi_zone,2,wall_mounted,Vita,18000,18000,9K+9K,9000-9000,18000,1.0,-4,127,cool,25.0,R32,50,100,check_product_page,FALSE
della-vita-series-24000-btu-20-seer2-mini-split-heat-pump-ac-up-to-1500-sq-ft,DELLA Vita Series 24000 BTU 20 SEER2 Mini Split Heat Pump AC - Up to 1500 Sq.Ft.,TRUE,single_zone,1,wall_mounted,Vario,24000,24000,,24000,,,-4,122,cool,20.0,R32,50,100,check_product_page,FALSE
della-vita-series-28000-btu-dual-zone-mini-split-ac-12k-18k-up-to-1550-sq-ft,DELLA Vita Series 28000 BTU Dual Zone Mini Split AC (12K+18K) - Up to 1550 Sq.Ft.,TRUE,multi_zone,2,wall_mounted,Vita,28000,28000,12K+18K,12000-18000,30000,1.0714,-4,127,cool,22.0,R32,50,100,check_product_page,FALSE
della-vita-series-28000-btu-dual-zone-mini-split-ac-9k-18k-up-to-1400-sq-ft,DELLA Vita Series 28000 BTU Dual Zone Mini Split AC (9K+18K) - Up to 1400 Sq.Ft.,TRUE,multi_zone,2,wall_mounted,Vita,28000,28000,9K+18K,9000-18000,27000,0.9643,-4,127,cool,22.0,R32,50,100,check_product_page,FALSE
della-vita-series-28000-btu-tri-zone-mini-split-ac-9k-9k-12k-up-to-1350-sq-ft,DELLA Vita Series 28000 BTU Tri-Zone Mini Split AC (9K+9K+12K) - Up to 1350 Sq.Ft.,TRUE,multi_zone,3,wall_mounted,Vita,28000,28000,9K+9K+12K,9000-9000-12000,30000,1.0714,-4,127,cool,22.0,R32,50,100,check_product_page,FALSE
della-vita-series-28000-btu-tri-zone-mini-split-ac-9k-9k-9k-up-to-1200-sq-ft,DELLA Vita Series 28000 BTU Tri-Zone Mini Split AC (9K+9K+9K) - Up to 1200 Sq.Ft.,TRUE,multi_zone,3,wall_mounted,Vita,28000,28000,9K+9K+9K,9000-9000-9000,27000,0.9643,-4,127,cool,22.0,R32,50,100,check_product_page,FALSE
della-vita-series-36000-btu-20-seer2-mini-split-heat-pump-ac-up-to-2500-sq-ft,DELLA Vita Series 36000 BTU 20 SEER2 Mini Split Heat Pump AC - Up to 2500 Sq.Ft.,TRUE,single_zone,1,wall_mounted,Vario,36000,36000,,36000,,,-4,122,cool,20.0,R32,50,100,check_product_page,FALSE
della-vita-series-38000-btu-dual-zone-mini-split-ac-12k-24k-up-to-2050-sq-ft,DELLA Vita Series 38000 BTU Dual Zone Mini Split AC (12K+24K) - Up to 2050 Sq.Ft.,TRUE,multi_zone,2,wall_mounted,Vita,38000,38000,12K+24K,12000-24000,36000,0.9474,-4,127,cool,23.0,R32,50,100,check_product_page,FALSE
della-vita-series-38000-btu-dual-zone-mini-split-ac-18k-18k-up-to-2000-sq-ft,DELLA Vita Series 38000 BTU Dual Zone Mini Split AC (18K+18K) - Up to 2000 Sq.Ft.,TRUE,multi_zone,2,wall_mounted,Vita,38000,38000,18K+18K,18000-18000,36000,0.9474,-4,127,cool,23.0,R32,50,100,check_product_page,FALSE
della-vita-series-38000-btu-dual-zone-mini-split-ac-18k-24k-up-to-2500-sq-ft,DELLA Vita Series 38000 BTU Dual Zone Mini Split AC (18K+24K) - Up to 2500 Sq.Ft.,TRUE,multi_zone,2,wall_mounted,Vita,38000,38000,18K+24K,18000-24000,42000,1.1053,-4,127,cool,23.0,R32,50,100,check_product_page,FALSE
della-vita-series-38000-btu-quad-zone-mini-split-ac-9k-9k-12k-12k-up-to-1900-sq-ft,DELLA Vita Series 38000 BTU Quad Zone Mini Split AC (9K+9K+12K+12K) - Up to 1900 Sq.Ft.,TRUE,multi_zone,4,wall_mounted,Vita,38000,38000,9K+9K+12K+12K,9000-9000-12000-12000,42000,1.1053,-4,127,cool,23.0,R32,50,100,check_product_page,FALSE
della-vita-series-38000-btu-quad-zone-mini-split-ac-9k-9k-9k-12k-up-to-1750-sq-ft,DELLA Vita Series 38000 BTU Quad Zone Mini Split AC (9K+9K+9K+12K) - Up to 1750 Sq.Ft.,TRUE,multi_zone,4,wall_mounted,Vita,38000,38000,9K+9K+9K+12K,9000-9000-9000-12000,39000,1.0263,-4,127,cool,23.0,R32,50,100,check_product_page,FALSE
della-vita-series-38000-btu-quad-zone-mini-split-ac-9k-9k-9k-9k-up-to-1600-sq-ft,DELLA Vita Series 38000 BTU Quad Zone Mini Split AC (9K+9K+9K+9K) - Up to 1600 Sq.Ft.,TRUE,multi_zone,4,wall_mounted,Vita,38000,38000,9K+9K+9K+9K,9000-9000-9000-9000,36000,0.9474,-4,127,cool,23.0,R32,50,100,check_product_page,FALSE
della-vita-series-38000-btu-tri-zone-mini-split-ac-12k-12k-12k-up-to-1650-sq-ft,DELLA Vita Series 38000 BTU Tri-Zone Mini Split AC (12K+12K+12K) - Up to 1650 Sq.Ft.,TRUE,multi_zone,3,wall_mounted,Vita,38000,38000,12K+12K+12K,12000-12000-12000,36000,0.9474,-4,127,cool,23.0,R32,50,100,check_product_page,FALSE
della-vita-series-38000-btu-tri-zone-mini-split-ac-12k-12k-18k-up-to-2100-sq-ft,DELLA Vita Series 38000 BTU Tri-Zone Mini Split AC (12K+12K+18K) - Up to 2100 Sq.Ft.,TRUE,multi_zone,3,wall_mounted,Vita,38000,38000,12K+12K+18K,12000-12000-18000,42000,1.1053,-4,127,cool,23.0,R32,50,100,check_product_page,FALSE
della-vita-series-38000-btu-tri-zone-mini-split-ac-9k-12k-18k-up-to-1950-sq-ft,DELLA Vita Series 38000 BTU Tri-Zone Mini Split AC (9K+12K+18K) - Up to 1950 Sq.Ft.,TRUE,multi_zone,3,wall_mounted,Vita,38000,38000,9K+12K+18K,9000-12000-18000,39000,1.0263,-4,127,cool,23.0,R32,50,100,check_product_page,FALSE
della-vita-series-38000-btu-tri-zone-mini-split-ac-9k-9k-18k-up-to-1800-sq-ft,DELLA Vita Series 38000 BTU Tri-Zone Mini Split AC (9K+9K+18K) - Up to 1800 Sq.Ft.,TRUE,multi_zone,3,wall_mounted,Vita,38000,38000,9K+9K+18K,9000-9000-18000,36000,0.9474,-4,127,cool,23.0,R32,50,100,check_product_page,FALSE
della-vita-series-38000-btu-tri-zone-mini-split-ac-9k-9k-24k-up-to-2300-sq-ft,DELLA Vita Series 38000 BTU Tri-Zone Mini Split AC (9K+9K+24K) - Up to 2300 Sq.Ft.,TRUE,multi_zone,3,wall_mounted,Vita,38000,38000,9K+9K+24K,9000-9000-24000,42000,1.1053,-4,127,cool,23.0,R32,50,100,check_product_page,FALSE
della-vita-series-42000-btu-dual-zone-mini-split-ac-18k-24k-up-to-2500-sq-ft,DELLA Vita Series 42000 BTU Dual Zone Mini Split AC (18K+24K) - Up to 2500 Sq.Ft.,TRUE,multi_zone,2,wall_mounted,Vita,42000,42000,18K+24K,18000-24000,42000,1.0,-4,127,cool,24.0,R32,50,100,check_product_page,FALSE
della-vita-series-42000-btu-five-zone-mini-split-ac-9k-9k-9k-9k-9k-up-to-2000-sq-ft,DELLA Vita Series 42000 BTU Five Zone Mini Split AC (9K+9K+9K+9K+9K) - Up to 2000 Sq.Ft.,TRUE,multi_zone,5,wall_mounted,Vita,42000,42000,9K+9K+9K+9K+9K,9000-9000-9000-9000-9000,45000,1.0714,-4,127,cool,24.0,R32,50,100,check_product_page,FALSE
della-vita-series-42000-btu-quad-zone-mini-split-ac-9k-12k-12k-12k-up-to-2050-sq-ft,DELLA Vita Series 42000 BTU Quad Zone Mini Split AC (9K+12K+12K+12K) - Up to 2050 Sq.Ft.,TRUE,multi_zone,4,wall_mounted,Vita,42000,42000,9K+12K+12K+12K,9000-12000-12000-12000,45000,1.0714,-4,127,cool,24.0,R32,50,100,check_product_page,FALSE
della-vita-series-42000-btu-quad-zone-mini-split-ac-9k-9k-12k-12k-up-to-1900-sq-ft,DELLA Vita Series 42000 BTU Quad Zone Mini Split AC (9K+9K+12K+12K) - Up to 1900 Sq.Ft.,TRUE,multi_zone,4,wall_mounted,Vita,42000,42000,9K+9K+12K+12K,9000-9000-12000-12000,42000,1.0,-4,127,cool,24.0,R32,50,100,check_product_page,FALSE
della-vita-series-42000-btu-quad-zone-mini-split-ac-9k-9k-9k-12k-up-to-1750-sq-ft,DELLA Vita Series 42000 BTU Quad Zone Mini Split AC (9K+9K+9K+12K) - Up to 1750 Sq.Ft.,TRUE,multi_zone,4,wall_mounted,Vita,42000,42000,9K+9K+9K+12K,9000-9000-9000-12000,39000,0.9286,-4,127,cool,24.0,R32,50,100,check_product_page,FALSE
della-vita-series-42000-btu-quad-zone-mini-split-ac-9k-9k-9k-18k-up-to-2200-sq-ft,DELLA Vita Series 42000 BTU Quad Zone Mini Split AC (9K+9K+9K+18K) - Up to 2200 Sq.Ft.,TRUE,multi_zone,4,wall_mounted,Vita,42000,42000,9K+9K+9K+18K,9000-9000-9000-18000,45000,1.0714,-4,127,cool,24.0,R32,50,100,check_product_page,FALSE
della-vita-series-42000-btu-tri-zone-mini-split-ac-12k-12k-18k-up-to-2100-sq-ft,DELLA Vita Series 42000 BTU Tri-Zone Mini Split AC (12K+12K+18K) - Up to 2100 Sq.Ft.,TRUE,multi_zone,3,wall_mounted,Vita,42000,42000,12K+12K+18K,12000-12000-18000,42000,1.0,-4,127,cool,24.0,R32,50,100,check_product_page,FALSE
della-vita-series-42000-btu-tri-zone-mini-split-ac-9k-12k-18k-up-to-1950-sq-ft,DELLA Vita Series 42000 BTU Tri-Zone Mini Split AC (9K+12K+18K) - Up to 1950 Sq.Ft.,TRUE,multi_zone,3,wall_mounted,Vita,42000,42000,9K+12K+18K,9000-12000-18000,39000,0.9286,-4,127,cool,24.0,R32,50,100,check_product_page,FALSE
della-vita-series-42000-btu-tri-zone-mini-split-ac-9k-12k-24k-up-to-2450-sq-ft,DELLA Vita Series 42000 BTU Tri-Zone Mini Split AC (9K+12K+24K) - Up to 2450 Sq.Ft.,TRUE,multi_zone,3,wall_mounted,Vita,42000,42000,9K+12K+24K,9000-12000-24000,45000,1.0714,-4,127,cool,24.0,R32,50,100,check_product_page,FALSE
della-vita-series-42000-btu-tri-zone-mini-split-ac-9k-18k-18k-up-to-2400-sq-ft,DELLA Vita Series 42000 BTU Tri-Zone Mini Split AC (9K+18K+18K) - Up to 2400 Sq.Ft.,TRUE,multi_zone,3,wall_mounted,Vita,42000,42000,9K+18K+18K,9000-18000-18000,45000,1.0714,-4,127,cool,24.0,R32,50,100,check_product_page,FALSE
della-vita-series-42000-btu-tri-zone-mini-split-ac-9k-9k-24k-up-to-2300-sq-ft,DELLA Vita Series 42000 BTU Tri-Zone Mini Split AC (9K+9K+24K) - Up to 2300 Sq.Ft.,TRUE,multi_zone,3,wall_mounted,Vita,42000,42000,9K+9K+24K,9000-9000-24000,42000,1.0,-4,127,cool,24.0,R32,50,100,check_product_page,FALSE
della-vita-series-9000-btu-20-seer2-mini-split-heat-pump-ac-up-to-400-sq-ft,DELLA Vita Series 9000 BTU 20 SEER2 Mini Split Heat Pump AC - Up to 400 Sq.Ft.,TRUE,single_zone,1,wall_mounted,Vario,9000,9000,,9000,,,-4,122,cool,20.0,R32,50,100,check_product_page,FALSE
della-vita-series-9000-btu-21-seer2-mini-split-heat-pump-ac-up-to-400-sq-ft,DELLA Vita Series 9000 BTU 21 SEER2 Mini Split Heat Pump AC - Up to 400 Sq.Ft.,TRUE,single_zone,1,wall_mounted,Vario,9000,9000,,9000,,,-4,122,cool,21.0,R32,50,100,check_product_page,FALSE
econo-series-11500-btu-seer2-17-mini-split-heat-pump-ac-up-to-400-sq-ft,DELLA Econo Series 11500 BTU 17 SEER2 Mini Split Heat Pump AC - Up to 550 Sq.Ft.,TRUE,single_zone,1,wall_mounted,Econo,11500,11500,,11500,,,5,122,mild,17.0,R32,50,100,check_product_page,FALSE
econo-series-11500-btu-seer2-17-mini-split-heat-pump-ac-up-to-550-sq-ft,DELLA Econo Series 11500 BTU 17 SEER2 Mini Split Heat Pump AC - Up to 550 Sq.Ft.,TRUE,single_zone,1,wall_mounted,Econo,11500,11500,,11500,,,5,122,mild,17.0,R32,50,100,check_product_page,FALSE
econo-series-17000-btu-seer2-17-mini-split-heat-pump-ac-up-to-1000-sq-ft,DELLA Econo Series 17000 BTU 17 SEER2 Mini Split Heat Pump AC-Up to 1000 Sq.Ft.,TRUE,single_zone,1,wall_mounted,Econo,17000,17000,,17000,,,5,122,mild,17.0,R32,50,100,check_product_page,FALSE
econo-series-23000-btu-seer2-17-mini-split-heat-pump-ac-up-to-1500-sq-ft,DELLA Econo Series 23000 BTU 17 SEER2 Mini Split Heat Pump AC - Up to 1500 Sq.Ft.,TRUE,single_zone,1,wall_mounted,Econo,23000,23000,,23000,,,5,122,mild,17.0,R32,50,100,check_product_page,FALSE
optima-series-12000-btu-seer2-23-ultra-heat-mini-split-ac-up-to-550-sq-ft,DELLA Optima Series 12000 BTU 23 SEER2 Ultra Heat Mini Split AC  (R-454B)  - Up to 550 Sq.Ft.,TRUE,single_zone,1,wall_mounted,Optima,12000,12000,,12000,,,-13,131,cold,23.0,R454B,50,100,check_product_page,FALSE
optima-series-12000-btu-seer2-24-ultra-heat-mini-split-ac-up-to-550-sq-ft,DELLA Optima Series 12000 BTU 24 SEER2 Ultra Heat Mini Split AC  - Up to 550 Sq.Ft.,TRUE,single_zone,1,wall_mounted,Optima,12000,12000,,12000,,,-13,131,cold,24.0,R454B,50,100,check_product_page,FALSE
optima-series-18000-btu-dual-zone-mini-split-ac-12k-12k-up-to-1100-sq-ft,DELLA Optima Series 18000 BTU Dual Zone Mini Split AC (12K+12K) - Up to 1100 Sq.Ft.,TRUE,multi_zone,2,wall_mounted,Optima,18000,18000,12K+12K,12000-12000,24000,1.3333,-13,131,cold,24.0,R454B,50,100,check_product_page,FALSE
optima-series-18000-btu-dual-zone-mini-split-ac-9k-12k-up-to-950-sq-ft,DELLA Optima Series 18000 BTU Dual Zone Mini Split AC (9K+12K) - Up to 950 Sq.Ft.,TRUE,multi_zone,2,wall_mounted,Optima,18000,18000,9K+12K,9000-12000,21000,1.1667,-13,131,cold,24.0,R454B,50,100,check_product_page,FALSE
optima-series-18000-btu-dual-zone-mini-split-ac-9k-9k-up-to-800-sq-ft,DELLA Optima Series 18000 BTU Dual Zone Mini Split AC (9K+9K) - Up to 800 Sq.Ft.,TRUE,multi_zone,2,wall_mounted,Optima,18000,18000,9K+9K,9000-9000,18000,1.0,-13,131,cold,24.0,R454B,50,100,check_product_page,FALSE
optima-series-27000-btu-dual-zone-mini-split-ac-12k-12k-up-to-1100-sq-ft,DELLA Optima Series 27000 BTU Dual Zone Mini Split AC (12K+12K) - Up to 1100 Sq.Ft.,TRUE,multi_zone,2,wall_mounted,Optima,27000,27000,12K+12K,12000-12000,24000,0.8889,-13,131,cold,24.0,R454B,50,100,check_product_page,FALSE
optima-series-27000-btu-dual-zone-mini-split-ac-12k-18k-up-to-1550-sq-ft,DELLA Optima Series 27000 BTU Dual Zone Mini Split AC (12K+18K) - Up to 1550 Sq.Ft.,TRUE,multi_zone,2,wall_mounted,Optima,27000,27000,12K+18K,12000-18000,30000,1.1111,-13,131,cold,24.0,R454B,50,100,check_product_page,FALSE
optima-series-27000-btu-dual-zone-mini-split-ac-18k-18k-up-to-2000-sq-ft,DELLA Optima Series 27000 BTU Dual Zone Mini Split AC (18K+18K) - Up to 2000 Sq.Ft.,TRUE,multi_zone,2,wall_mounted,Optima,27000,27000,18K+18K,18000-18000,36000,1.3333,-13,131,cold,24.0,R454B,50,100,check_product_page,FALSE
optima-series-27000-btu-dual-zone-mini-split-ac-9k-12k-up-to-950-sq-ft,DELLA Optima Series 27000 BTU Dual Zone Mini Split AC (9K+12K) - Up to 950 Sq.Ft.,TRUE,multi_zone,2,wall_mounted,Optima,27000,27000,9K+12K,9000-12000,21000,0.7778,-13,131,cold,24.0,R454B,50,100,check_product_page,FALSE
optima-series-27000-btu-dual-zone-mini-split-ac-9k-18k-up-to-1400-sq-ft,DELLA Optima Series 27000 BTU Dual Zone Mini Split AC (9K+18K) - Up to 1400 Sq.Ft.,TRUE,multi_zone,2,wall_mounted,Optima,27000,27000,9K+18K,9000-18000,27000,1.0,-13,131,cold,24.0,R454B,50,100,check_product_page,FALSE
optima-series-27000-btu-tri-zone-mini-split-ac-12k-12k-12k-up-to-1650-sq-ft,DELLA Optima Series 27000 BTU Tri-Zone Mini Split AC (12K+12K+12k) - Up to 1650 Sq.Ft.,TRUE,multi_zone,3,wall_mounted,Optima,27000,27000,12K+12K+12k,12000-12000-12000,36000,1.3333,-13,131,cold,24.0,R454B,50,100,check_product_page,FALSE
optima-series-27000-btu-tri-zone-mini-split-ac-9k-12k-12k-up-to-1500-sq-ft,DELLA Optima Series 27000 BTU Tri-Zone Mini Split AC (9K+12K+12k) - Up to 1500 Sq.Ft.,TRUE,multi_zone,3,wall_mounted,Optima,27000,27000,9K+12K+12k,9000-12000-12000,33000,1.2222,-13,131,cold,24.0,R454B,50,100,check_product_page,FALSE
optima-series-27000-btu-tri-zone-mini-split-ac-9k-9k-12k-up-to-1350-sq-ft,DELLA Optima Series 27000 BTU Tri-Zone Mini Split AC (9K+9K+12k) - Up to 1350 Sq.Ft.,TRUE,multi_zone,3,wall_mounted,Optima,27000,27000,9K+9K+12k,9000-9000-12000,30000,1.1111,-13,131,cold,24.0,R454B,50,100,check_product_page,FALSE
optima-series-27000-btu-tri-zone-mini-split-ac-9k-9k-18k-up-to-1800-sq-ft,DELLA Optima Series 27000 BTU Tri-Zone Mini Split AC (9K+9K+18k) - Up to 1800 Sq.Ft.,TRUE,multi_zone,3,wall_mounted,Optima,27000,27000,9K+9K+18k,9000-9000-18000,36000,1.3333,-13,131,cold,24.0,R454B,50,100,check_product_page,FALSE
optima-series-27000-btu-tri-zone-mini-split-ac-9k-9k-9k-up-to-1200-sq-ft,DELLA Optima Series 27000 BTU Tri-Zone Mini Split AC (9K+9K+9k) - Up to 1200 Sq.Ft.,TRUE,multi_zone,3,wall_mounted,Optima,27000,27000,9K+9K+9k,9000-9000-9000,27000,1.0,-13,131,cold,24.0,R454B,50,100,check_product_page,FALSE
optima-series-35000-btu-dual-zone-mini-split-ac-12k-18k-up-to-1550-sq-ft,DELLA Optima Series 35000 BTU Dual Zone Mini Split AC (12K+18K) - Up to 1550 Sq.Ft.,TRUE,multi_zone,2,wall_mounted,Optima,35000,35000,12K+18K,12000-18000,30000,0.8571,-13,131,cold,22.5,R454B,50,100,check_product_page,FALSE
optima-series-35000-btu-dual-zone-mini-split-ac-12k-23k-up-to-2050-sq-ft,DELLA Optima Series 35000 BTU Dual Zone Mini Split AC (12K+23K) - Up to 2050 Sq.Ft.,TRUE,multi_zone,2,wall_mounted,Optima,35000,35000,12K+23K,12000-23000,35000,1.0,-13,131,cold,22.5,R454B,50,100,check_product_page,FALSE
optima-series-35000-btu-dual-zone-mini-split-ac-18k-18k-up-to-2000-sq-ft,DELLA Optima Series 35000 BTU Dual Zone Mini Split AC (18K+18K) - Up to 2000 Sq.Ft.,TRUE,multi_zone,2,wall_mounted,Optima,35000,35000,18K+18K,18000-18000,36000,1.0286,-13,131,cold,22.5,R454B,50,100,check_product_page,FALSE
optima-series-35000-btu-dual-zone-mini-split-ac-18k-23k-up-to-2500-sq-ft,DELLA Optima Series 35000 BTU Dual Zone Mini Split AC (18K+23K) - Up to 2500 Sq.Ft.,TRUE,multi_zone,2,wall_mounted,Optima,35000,35000,18K+23K,18000-23000,41000,1.1714,-13,131,cold,22.5,R454B,50,100,check_product_page,FALSE
optima-series-35000-btu-dual-zone-mini-split-ac-23k-23k-up-to-3000-sq-ft,DELLA Optima Series 35000 BTU Dual Zone Mini Split AC (23K+23K) - Up to 3000 Sq.Ft.,TRUE,multi_zone,2,wall_mounted,Optima,35000,35000,23K+23K,23000-23000,46000,1.3143,-13,131,cold,22.5,R454B,50,100,check_product_page,FALSE
optima-series-35000-btu-dual-zone-mini-split-ac-9k-23k-up-to-1900-sq-ft,DELLA Optima Series 35000 BTU Dual Zone Mini Split AC (9K+23K) - Up to 1900 Sq.Ft.,TRUE,multi_zone,2,wall_mounted,Optima,35000,35000,9K+23K,9000-23000,32000,0.9143,-13,131,cold,22.5,R454B,50,100,check_product_page,FALSE
optima-series-35000-btu-quad-zone-mini-split-ac-9k-12k-12k-12k-up-to-2050-sq-ft,DELLA Optima Series 35000 BTU Quad Zone Mini Split AC (9K+12K+12k+12k) - Up to 2050 Sq.Ft.,TRUE,multi_zone,4,wall_mounted,Optima,35000,35000,9K+12K+12k+12k,9000-12000-12000-12000,45000,1.2857,-13,131,cold,22.5,R454B,50,100,check_product_page,FALSE
optima-series-35000-btu-quad-zone-mini-split-ac-9k-9k-12k-12k-up-to-1900-sq-ft,DELLA Optima Series 35000 BTU Quad Zone Mini Split AC (9K+9K+12k+12k) - Up to 1900 Sq.Ft.,TRUE,multi_zone,4,wall_mounted,Optima,35000,35000,9K+9K+12k+12k,9000-9000-12000-12000,42000,1.2,-13,131,cold,22.5,R454B,50,100,check_product_page,FALSE
optima-series-35000-btu-quad-zone-mini-split-ac-9k-9k-9k-12k-up-to-1750-sq-ft,DELLA Optima Series 35000 BTU Quad Zone Mini Split AC (9K+9K+9k+12k) - Up to 1750 Sq.Ft.,TRUE,multi_zone,4,wall_mounted,Optima,35000,35000,9K+9K+9k+12k,9000-9000-9000-12000,39000,1.1143,-13,131,cold,22.5,R454B,50,100,check_product_page,FALSE
optima-series-35000-btu-quad-zone-mini-split-ac-9k-9k-9k-18k-up-to-2200-sq-ft,DELLA Optima Series 35000 BTU Quad Zone Mini Split AC (9K+9K+9k+18k) - Up to 2200 Sq.Ft.,TRUE,multi_zone,4,wall_mounted,Optima,35000,35000,9K+9K+9k+18k,9000-9000-9000-18000,45000,1.2857,-13,131,cold,22.5,R454B,50,100,check_product_page,FALSE
optima-series-35000-btu-quad-zone-mini-split-ac-9k-9k-9k-9k-up-to-1600-sq-ft,DELLA Optima Series 35000 BTU Quad Zone Mini Split AC (9K+9K+9k+9k) - Up to 1600 Sq.Ft.,TRUE,multi_zone,4,wall_mounted,Optima,35000,35000,9K+9K+9k+9k,9000-9000-9000-9000,36000,1.0286,-13,131,cold,22.5,R454B,50,100,check_product_page,FALSE
optima-series-35000-btu-tri-zone-mini-split-ac-12k-12k-12k-up-to-1650-sq-ft,DELLA Optima Series 35000 BTU Tri-Zone Mini Split AC (12K+12K+12k) - Up to 1650 Sq.Ft.,TRUE,multi_zone,3,wall_mounted,Optima,35000,35000,12K+12K+12k,12000-12000-12000,36000,1.0286,-13,131,cold,22.5,R454B,50,100,check_product_page,FALSE
optima-series-35000-btu-tri-zone-mini-split-ac-12k-12k-18k-up-to-2100-sq-ft,DELLA Optima Series 35000 BTU Tri-Zone Mini Split AC (12K+12K+18k) - Up to 2100 Sq.Ft.,TRUE,multi_zone,3,wall_mounted,Optima,35000,35000,12K+12K+18k,12000-12000-18000,42000,1.2,-13,131,cold,22.5,R454B,50,100,check_product_page,FALSE
optima-series-35000-btu-tri-zone-mini-split-ac-12k-12k-23k-up-to-2600-sq-ft,DELLA Optima Series 35000 BTU Tri-Zone Mini Split AC (12K+12K+23k) - Up to 2600 Sq.Ft.,TRUE,multi_zone,3,wall_mounted,Optima,35000,35000,12K+12K+23k,12000-12000-23000,47000,1.3429,-13,131,cold,22.5,R454B,50,100,check_product_page,FALSE
optima-series-35000-btu-tri-zone-mini-split-ac-9k-12k-12k-up-to-1500-sq-ft,DELLA Optima Series 35000 BTU Tri-Zone Mini Split AC (9K+12K+12k) - Up to 1500 Sq.Ft.,TRUE,multi_zone,3,wall_mounted,Optima,35000,35000,9K+12K+12k,9000-12000-12000,33000,0.9429,-13,131,cold,22.5,R454B,50,100,check_product_page,FALSE
optima-series-35000-btu-tri-zone-mini-split-ac-9k-12k-18k-up-to-1950-sq-ft,DELLA Optima Series 35000 BTU Tri-Zone Mini Split AC (9K+12K+18k) - Up to 1950 Sq.Ft.,TRUE,multi_zone,3,wall_mounted,Optima,35000,35000,9K+12K+18k,9000-12000-18000,39000,1.1143,-13,131,cold,22.5,R454B,50,100,check_product_page,FALSE
optima-series-35000-btu-tri-zone-mini-split-ac-9k-12k-23k-up-to-2450-sq-ft,DELLA Optima Series 35000 BTU Tri-Zone Mini Split AC (9K+12K+23k) - Up to 2450 Sq.Ft.,TRUE,multi_zone,3,wall_mounted,Optima,35000,35000,9K+12K+23k,9000-12000-23000,44000,1.2571,-13,131,cold,22.5,R454B,50,100,check_product_page,FALSE
optima-series-35000-btu-tri-zone-mini-split-ac-9k-18k-18k-up-to-2400-sq-ft,DELLA Optima Series 35000 BTU Tri-Zone Mini Split AC (9K+18K+18k) - Up to 2400 Sq.Ft.,TRUE,multi_zone,3,wall_mounted,Optima,35000,35000,9K+18K+18k,9000-18000-18000,45000,1.2857,-13,131,cold,22.5,R454B,50,100,check_product_page,FALSE
optima-series-35000-btu-tri-zone-mini-split-ac-9k-9k-12k-up-to-1350-sq-ft,DELLA Optima Series 35000 BTU Tri-Zone Mini Split AC (9K+9K+12k) - Up to 1350 Sq.Ft.,TRUE,multi_zone,3,wall_mounted,Optima,35000,35000,9K+9K+12k,9000-9000-12000,30000,0.8571,-13,131,cold,22.5,R454B,50,100,check_product_page,FALSE
optima-series-35000-btu-tri-zone-mini-split-ac-9k-9k-18k-up-to-1800-sq-ft,DELLA Optima Series 35000 BTU Tri-Zone Mini Split AC (9K+9K+18k) - Up to 1800 Sq.Ft.,TRUE,multi_zone,3,wall_mounted,Optima,35000,35000,9K+9K+18k,9000-9000-18000,36000,1.0286,-13,131,cold,22.5,R454B,50,100,check_product_page,FALSE
optima-series-35000-btu-tri-zone-mini-split-ac-9k-9k-23k-up-to-2300-sq-ft,DELLA Optima Series 35000 BTU Tri-Zone Mini Split AC (9K+9K+23k) - Up to 2300 Sq.Ft.,TRUE,multi_zone,3,wall_mounted,Optima,35000,35000,9K+9K+23k,9000-9000-23000,41000,1.1714,-13,131,cold,22.5,R454B,50,100,check_product_page,FALSE
optima-series-42000-btu-dual-zone-mini-split-ac-18k-23k-up-to-2500-sq-ft,DELLA Optima Series 42000 BTU Dual Zone Mini Split AC (18K+23K) - Up to 2500 Sq.Ft.,TRUE,multi_zone,2,wall_mounted,Optima,42000,42000,18K+23K,18000-23000,41000,0.9762,-13,131,cold,22.0,R454B,50,100,check_product_page,FALSE
optima-series-42000-btu-dual-zone-mini-split-ac-23k-23k-up-to-3000-sq-ft,DELLA Optima Series 42000 BTU Dual Zone Mini Split AC (23K+23K) - Up to 3000 Sq.Ft.,TRUE,multi_zone,2,wall_mounted,Optima,42000,42000,23K+23K,23000-23000,46000,1.0952,-13,131,cold,22.0,R454B,50,100,check_product_page,FALSE
optima-series-42000-btu-five-zone-mini-split-ac-9k-9k-12k-12k-12k-up-to-2450-sq-ft,DELLA Optima Series 42000 BTU Five Zone Mini Split AC (9K+9K+12k+12K+12k) - Up to 2450 Sq.Ft.,TRUE,multi_zone,5,wall_mounted,Optima,42000,42000,9K+9K+12k+12K+12k,9000-9000-12000-12000-12000,54000,1.2857,-13,131,cold,22.0,R454B,50,100,check_product_page,FALSE
optima-series-42000-btu-five-zone-mini-split-ac-9k-9k-9k-12k-12k-up-to-2300-sq-ft,DELLA Optima Series 42000 BTU Five Zone Mini Split AC (9K+9K+9k+12K+12k) - Up to 2300 Sq.Ft.,TRUE,multi_zone,5,wall_mounted,Optima,42000,42000,9K+9K+9k+12K+12k,9000-9000-9000-12000-12000,51000,1.2143,-13,131,cold,22.0,R454B,50,100,check_product_page,FALSE
optima-series-42000-btu-five-zone-mini-split-ac-9k-9k-9k-9k-12k-up-to-2150-sq-ft,DELLA Optima Series 42000 BTU Five Zone Mini Split AC (9K+9K+9k+9K+12k) - Up to 2150 Sq.Ft.,TRUE,multi_zone,5,wall_mounted,Optima,42000,42000,9K+9K+9k+9K+12k,9000-9000-9000-9000-12000,48000,1.1429,-13,131,cold,22.0,R454B,50,100,check_product_page,FALSE
optima-series-42000-btu-five-zone-mini-split-ac-9k-9k-9k-9k-18k-up-to-2600-sq-ft,DELLA Optima Series 42000 BTU Five Zone Mini Split AC (9K+9K+9k+9K+18k) - Up to 2600 Sq.Ft.,TRUE,multi_zone,5,wall_mounted,Optima,42000,42000,9K+9K+9k+9K+18k,9000-9000-9000-9000-18000,54000,1.2857,-13,131,cold,22.0,R454B,50,100,check_product_page,FALSE
optima-series-42000-btu-five-zone-mini-split-ac-9k-9k-9k-9k-9k-up-to-2000-sq-ft,DELLA Optima Series 42000 BTU Five Zone Mini Split AC (9K+9K+9k+9K+9k) - Up to 2000 Sq.Ft.,TRUE,multi_zone,5,wall_mounted,Optima,42000,42000,9K+9K+9k+9K+9k,9000-9000-9000-9000-9000,45000,1.0714,-13,131,cold,22.0,R454B,50,100,check_product_page,FALSE
optima-series-42000-btu-quad-zone-mini-split-ac-12k-12k-12k-12k-up-to-2200-sq-ft,DELLA Optima Series 42000 BTU Quad Zone Mini Split AC (12K+12K+12k+12k) - Up to 2200 Sq.Ft.,TRUE,multi_zone,4,wall_mounted,Optima,42000,42000,12K+12K+12k+12k,12000-12000-12000-12000,48000,1.1429,-13,131,cold,22.0,R454B,50,100,check_product_page,FALSE
optima-series-42000-btu-quad-zone-mini-split-ac-12k-12k-12k-18k-up-to-2650-sq-ft,DELLA Optima Series 42000 BTU Quad Zone Mini Split AC (12K+12K+12k+18k) - Up to 2650 Sq.Ft.,TRUE,multi_zone,4,wall_mounted,Optima,42000,42000,12K+12K+12k+18k,12000-12000-12000-18000,54000,1.2857,-13,131,cold,22.0,R454B,50,100,check_product_page,FALSE
optima-series-42000-btu-quad-zone-mini-split-ac-9k-12k-12k-12k-up-to-2050-sq-ft,DELLA Optima Series 42000 BTU Quad Zone Mini Split AC (9K+12K+12k+12k) - Up to 2050 Sq.Ft.,TRUE,multi_zone,4,wall_mounted,Optima,42000,42000,9K+12K+12k+12k,9000-12000-12000-12000,45000,1.0714,-13,131,cold,22.0,R454B,50,100,check_product_page,FALSE
optima-series-42000-btu-quad-zone-mini-split-ac-9k-12k-12k-18k-up-to-2500-sq-ft,DELLA Optima Series 42000 BTU Quad Zone Mini Split AC (9K+12K+12k+18k) - Up to 2500 Sq.Ft.,TRUE,multi_zone,4,wall_mounted,Optima,42000,42000,9K+12K+12k+18k,9000-12000-12000-18000,51000,1.2143,-13,131,cold,22.0,R454B,50,100,check_product_page,FALSE
optima-series-42000-btu-quad-zone-mini-split-ac-9k-12k-12k-23k-up-to-3000-sq-ft,DELLA Optima Series 42000 BTU Quad Zone Mini Split AC (9K+12K+12k+23k) - Up to 3000 Sq.Ft.,TRUE,multi_zone,4,wall_mounted,Optima,42000,42000,9K+12K+12k+23k,9000-12000-12000-23000,56000,1.3333,-13,131,cold,22.0,R454B,50,100,check_product_page,FALSE
optima-series-42000-btu-quad-zone-mini-split-ac-9k-9k-12k-12k-up-to-1900-sq-ft,DELLA Optima Series 42000 BTU Quad Zone Mini Split AC (9K+9K+12k+12k) - Up to 1900 Sq.Ft.,TRUE,multi_zone,4,wall_mounted,Optima,42000,42000,9K+9K+12k+12k,9000-9000-12000-12000,42000,1.0,-13,131,cold,22.0,R454B,50,100,check_product_page,FALSE
optima-series-42000-btu-quad-zone-mini-split-ac-9k-9k-12k-18k-up-to-2350-sq-ft,DELLA Optima Series 42000 BTU Quad Zone Mini Split AC (9K+9K+12k+18k) - Up to 2350 Sq.Ft.,TRUE,multi_zone,4,wall_mounted,Optima,42000,42000,9K+9K+12k+18k,9000-9000-12000-18000,48000,1.1429,-13,131,cold,22.0,R454B,50,100,check_product_page,FALSE
optima-series-42000-btu-quad-zone-mini-split-ac-9k-9k-12k-23k-up-to-2850-sq-ft,DELLA Optima Series 42000 BTU Quad Zone Mini Split AC (9K+9K+12k+23k) - Up to 2850 Sq.Ft.,TRUE,multi_zone,4,wall_mounted,Optima,42000,42000,9K+9K+12k+23k,9000-9000-12000-23000,53000,1.2619,-13,131,cold,22.0,R454B,50,100,check_product_page,FALSE
optima-series-42000-btu-quad-zone-mini-split-ac-9k-9k-18k-18k-up-to-2800-sq-ft,DELLA Optima Series 42000 BTU Quad Zone Mini Split AC (9K+9K+18k+18k) - Up to 2800 Sq.Ft.,TRUE,multi_zone,4,wall_mounted,Optima,42000,42000,9K+9K+18k+18k,9000-9000-18000-18000,54000,1.2857,-13,131,cold,22.0,R454B,50,100,check_product_page,FALSE
optima-series-42000-btu-quad-zone-mini-split-ac-9k-9k-9k-18k-up-to-2200-sq-ft,DELLA Optima Series 42000 BTU Quad Zone Mini Split AC (9K+9K+9k+18k) - Up to 2200 Sq.Ft.,TRUE,multi_zone,4,wall_mounted,Optima,42000,42000,9K+9K+9k+18k,9000-9000-9000-18000,45000,1.0714,-13,131,cold,22.0,R454B,50,100,check_product_page,FALSE
optima-series-42000-btu-quad-zone-mini-split-ac-9k-9k-9k-23k-up-to-2700-sq-ft,DELLA Optima Series 42000 BTU Quad Zone Mini Split AC (9K+9K+9k+23k) - Up to 2700 Sq.Ft.,TRUE,multi_zone,4,wall_mounted,Optima,42000,42000,9K+9K+9k+23k,9000-9000-9000-23000,50000,1.1905,-13,131,cold,22.0,R454B,50,100,check_product_page,FALSE
optima-series-42000-btu-tri-zone-mini-split-ac-12k-12k-18k-up-to-2100-sq-ft,DELLA Optima Series 42000 BTU Tri-Zone Mini Split AC (12K+12K+18k) - Up to 2100 Sq.Ft.,TRUE,multi_zone,3,wall_mounted,Optima,42000,42000,12K+12K+18k,12000-12000-18000,42000,1.0,-13,131,cold,22.0,R454B,50,100,check_product_page,FALSE
optima-series-42000-btu-tri-zone-mini-split-ac-12k-12k-23k-up-to-2600-sq-ft,DELLA Optima Series 42000 BTU Tri-Zone Mini Split AC (12K+12K+23k) - Up to 2600 Sq.Ft.,TRUE,multi_zone,3,wall_mounted,Optima,42000,42000,12K+12K+23k,12000-12000-23000,47000,1.119,-13,131,cold,22.0,R454B,50,100,check_product_page,FALSE
optima-series-42000-btu-tri-zone-mini-split-ac-12k-18k-18k-up-to-2550-sq-ft,DELLA Optima Series 42000 BTU Tri-Zone Mini Split AC (12K+18K+18k) - Up to 2550 Sq.Ft.,TRUE,multi_zone,3,wall_mounted,Optima,42000,42000,12K+18K+18k,12000-18000-18000,48000,1.1429,-13,131,cold,22.0,R454B,50,100,check_product_page,FALSE
optima-series-42000-btu-tri-zone-mini-split-ac-12k-18k-23k-up-to-3050-sq-ft,DELLA Optima Series 42000 BTU Tri-Zone Mini Split AC (12K+18K+23k) - Up to 3050 Sq.Ft.,TRUE,multi_zone,3,wall_mounted,Optima,42000,42000,12K+18K+23k,12000-18000-23000,53000,1.2619,-13,131,cold,22.0,R454B,50,100,check_product_page,FALSE
optima-series-42000-btu-tri-zone-mini-split-ac-18k-18k-18k-up-to-3000-sq-ft,DELLA Optima Series 42000 BTU Tri-Zone Mini Split AC (18K+18K+18k) - Up to 3000 Sq.Ft.,TRUE,multi_zone,3,wall_mounted,Optima,42000,42000,18K+18K+18k,18000-18000-18000,54000,1.2857,-13,131,cold,22.0,R454B,50,100,check_product_page,FALSE
optima-series-42000-btu-tri-zone-mini-split-ac-9k-12k-18k-up-to-1950-sq-ft,DELLA Optima Series 42000 BTU Tri-Zone Mini Split AC (9K+12K+18k) - Up to 1950 Sq.Ft.,TRUE,multi_zone,3,wall_mounted,Optima,42000,42000,9K+12K+18k,9000-12000-18000,39000,0.9286,-13,131,cold,22.0,R454B,50,100,check_product_page,FALSE
optima-series-42000-btu-tri-zone-mini-split-ac-9k-12k-23k-up-to-2450-sq-ft,DELLA Optima Series 42000 BTU Tri-Zone Mini Split AC (9K+12K+23k) - Up to 2450 Sq.Ft.,TRUE,multi_zone,3,wall_mounted,Optima,42000,42000,9K+12K+23k,9000-12000-23000,44000,1.0476,-13,131,cold,22.0,R454B,50,100,check_product_page,FALSE
optima-series-42000-btu-tri-zone-mini-split-ac-9k-18k-18k-up-to-2400-sq-ft,DELLA Optima Series 42000 BTU Tri-Zone Mini Split AC (9K+18K+18k) - Up to 2400 Sq.Ft.,TRUE,multi_zone,3,wall_mounted,Optima,42000,42000,9K+18K+18k,9000-18000-18000,45000,1.0714,-13,131,cold,22.0,R454B,50,100,check_product_page,FALSE
optima-series-42000-btu-tri-zone-mini-split-ac-9k-18k-23k-up-to-2900-sq-ft,DELLA Optima Series 42000 BTU Tri-Zone Mini Split AC (9K+18K+23k) - Up to 2900 Sq.Ft.,TRUE,multi_zone,3,wall_mounted,Optima,42000,42000,9K+18K+23k,9000-18000-23000,50000,1.1905,-13,131,cold,22.0,R454B,50,100,check_product_page,FALSE
optima-series-42000-btu-tri-zone-mini-split-ac-9k-23k-23k-up-to-3400-sq-ft,DELLA Optima Series 42000 BTU Tri-Zone Mini Split AC (9K+23K+23k) - Up to 3400 Sq.Ft.,TRUE,multi_zone,3,wall_mounted,Optima,42000,42000,9K+23K+23k,9000-23000-23000,55000,1.3095,-13,131,cold,22.0,R454B,50,100,check_product_page,FALSE
optima-series-42000-btu-tri-zone-mini-split-ac-9k-9k-23k-up-to-2300-sq-ft,DELLA Optima Series 42000 BTU Tri-Zone Mini Split AC (9K+9K+23k) - Up to 2300 Sq.Ft.,TRUE,multi_zone,3,wall_mounted,Optima,42000,42000,9K+9K+23k,9000-9000-23000,41000,0.9762,-13,131,cold,22.0,R454B,50,100,check_product_page,FALSE
optima-series-9000-btu-seer2-24-ultra-heat-mini-split-ac-up-to-400-sq-ft,DELLA Optima Series 9000 BTU 23 SEER2 Ultra Heat Mini Split AC - Up to 400 Sq.Ft.,TRUE,single_zone,1,wall_mounted,Optima,9000,9000,,9000,,,-13,131,cold,24.0,R454B,50,100,check_product_page,FALSE
serena-series-12000-btu-seer2-22-mini-split-heat-pump-ac-up-to-550-sq-ft,DELLA Serena Series 12000 BTU 22 SEER2 Mini-Split Heat Pump AC - Up to 550 Sq.Ft.,TRUE,single_zone,1,wall_mounted,Serena,12000,12000,,12000,,,5,125,mild,22.0,R32,50,100,check_product_page,FALSE
serena-series-18000-btu-seer2-22-mini-split-heat-pump-ac-up-to-1000-sq-ft,DELLA Serena Series 18000 BTU 22 SEER2 Mini-Split Heat Pump AC - Up to 1000 Sq.Ft.,TRUE,single_zone,1,wall_mounted,Serena,18000,18000,,18000,,,5,125,mild,22.0,R32,50,100,check_product_page,FALSE
serena-series-24000-btu-seer2-22-mini-split-heat-pump-ac-up-to-1500-sq-ft,DELLA Serena Series 24000 BTU 22 SEER2 Mini-Split Heat Pump AC - Up to 1500 Sq.Ft.,TRUE,single_zone,1,wall_mounted,Serena,24000,24000,,24000,,,5,125,mild,22.0,R32,50,100,check_product_page,FALSE
tl-series-36000-btu-seer2-19-mini-split-heat-pump-ac-up-to-2500-sq-ft,DELLA Vario Series 36000 BTU 19 SEER2 Mini Split Heat Pump AC (R-454B) - Up to 2500 Sq.Ft.,TRUE,single_zone,1,wall_mounted,Vario,36000,36000,,36000,,,-4,122,cool,19.0,R454B,50,100,check_product_page,FALSE
umbra-series-12000btu-seer2-17-mini-split-heat-pump-ac,DELLA Umbra Series 12000 BTU 17 SEER2 Mini Split Heat Pump AC - Up to 550 Sq.Ft.,TRUE,single_zone,1,wall_mounted,Umbra,12000,12000,,12000,,,5,118,mild,17.0,R32,50,100,check_product_page,FALSE
umbra-series-12000btu-seer2-20-mini-split-heat-pump-ac,DELLA Umbra Series 12000 BTU 20 SEER2 Mini Split Heat Pump AC - Up to 550 Sq.Ft.,TRUE,single_zone,1,wall_mounted,Umbra,12000,12000,,12000,,,5,118,mild,20.0,R32,50,100,check_product_page,FALSE
umbra-series-18000btu-seer2-19-mini-split-heat-pump-ac,DELLA Umbra Series 18000 BTU 19 SEER2 Mini Split Heat Pump AC - Up to 1000 Sq.Ft.,TRUE,single_zone,1,wall_mounted,Umbra,18000,18000,,18000,,,5,118,mild,19.0,R32,50,100,check_product_page,FALSE
vario-series-12000-btu-seer2-21-mini-split-heat-pump-ac-up-to-550-sq-ft,DELLA Vario Series 12000 BTU 20.5 SEER2 Mini Split Heat Pump AC - Up to 550 Sq.Ft.,TRUE,single_zone,1,wall_mounted,Vario,12000,12000,,12000,,,-4,122,cool,20.5,R454B,50,100,check_product_page,FALSE
vario-series-12000-btu-seer2-23-mini-split-heat-pump-ac-up-to-550-sq-ft,DELLA Vario Series 12000 BTU 23 SEER2 Mini Split Heat Pump AC - Up to 550 Sq.Ft.,TRUE,single_zone,1,wall_mounted,Vario,12000,12000,,12000,,,-4,122,cool,23.0,R454B,50,100,check_product_page,FALSE
vario-series-18000-btu-seer2-21-mini-split-heat-pump-ac-up-to-1000-sq-ft,DELLA Vario Series 18000 BTU 21 SEER2 Mini Split Heat Pump AC - Up to 1000 Sq.Ft.,TRUE,single_zone,1,wall_mounted,Vario,18000,18000,,18000,,,-4,122,cool,21.0,R454B,50,100,check_product_page,FALSE
vario-series-20000-btu-dual-zone-mini-split-ac-12k-12k-up-to-1100-sq-ft,DELLA Vario Series 20000 BTU Dual Zone Mini Split AC (12K + 12K) - Up to 1100 Sq.Ft.,TRUE,multi_zone,2,wall_mounted,Vario,20000,20000,12K+12K,12000-12000,24000,1.2,-4,122,cool,20.0,R454B,50,100,check_product_page,FALSE
vario-series-20000-btu-dual-zone-mini-split-ac-9k-12k-up-to-950-sq-ft,DELLA Vario Series 20000 BTU Dual Zone Mini Split AC (9K + 12K) - Up to 950 Sq.Ft.,TRUE,multi_zone,2,wall_mounted,Vario,20000,20000,9K+12K,9000-12000,21000,1.05,-4,122,cool,20.0,R454B,50,100,check_product_page,FALSE
vario-series-20000-btu-dual-zone-mini-split-ac-9k-18k-up-to-1400-sq-ft,DELLA Vario Series 20000 BTU Dual Zone Mini Split AC (9K + 18K) - Up to 1400 Sq.Ft.,TRUE,multi_zone,2,wall_mounted,Vario,20000,20000,9K+18K,9000-18000,27000,1.35,-4,122,cool,20.0,R454B,50,100,check_product_page,FALSE
vario-series-20000-btu-dual-zone-mini-split-ac-9k-9k-up-to-800-sq-ft,DELLA Vario Series 20000 BTU Dual Zone Mini Split AC (9K + 9K) - Up to 800 Sq.Ft.,TRUE,multi_zone,2,wall_mounted,Vario,20000,20000,9K+9K,9000-9000,18000,0.9,-4,122,cool,20.0,R454B,50,100,check_product_page,FALSE
vario-series-24000-btu-seer2-21-mini-split-heat-pump-ac-up-to-1500-sq-ft,DELLA Vario Series 24000 BTU 21 SEER2 Mini Split Heat Pump AC - Up to 1500 Sq.Ft.,TRUE,single_zone,1,wall_mounted,Vario,24000,24000,,24000,,,-4,122,cool,21.0,R454B,50,100,check_product_page,FALSE
vario-series-28000-btu-dual-zone-mini-split-ac-12k-12k-up-to-1100-sq-ft,DELLA Vario Series 28000 BTU Dual Zone Mini Split AC (12k+12k) - Up to 1100 Sq.Ft.,TRUE,multi_zone,2,wall_mounted,Vario,28000,28000,12k+12k,12000-12000,24000,0.8571,-4,122,cool,20.0,R454B,50,100,check_product_page,FALSE
vario-series-28000-btu-dual-zone-mini-split-ac-12k-18k-up-to-1550-sq-ft,DELLA Vario Series 28000 BTU Dual Zone Mini Split AC (12k+18k) - Up to 1550 Sq.Ft.,TRUE,multi_zone,2,wall_mounted,Vario,28000,28000,12k+18k,12000-18000,30000,1.0714,-4,122,cool,20.0,R454B,50,100,check_product_page,FALSE
vario-series-28000-btu-dual-zone-mini-split-ac-18k-18k-up-to-2000-sq-ft,DELLA Vario Series 28000 BTU Dual Zone Mini Split AC (18k+18k) - Up to 2000 Sq.Ft.,TRUE,multi_zone,2,wall_mounted,Vario,28000,28000,18k+18k,18000-18000,36000,1.2857,-4,122,cool,20.0,R454B,50,100,check_product_page,FALSE
vario-series-28000-btu-dual-zone-mini-split-ac-9k-12k-up-to-950-sq-ft,DELLA Vario Series 28000 BTU Dual Zone Mini Split AC (9k+12k) - Up to 950 Sq.Ft.,TRUE,multi_zone,2,wall_mounted,Vario,28000,28000,9k+12k,9000-12000,21000,0.75,-4,122,cool,20.0,R454B,50,100,check_product_page,FALSE
vario-series-28000-btu-dual-zone-mini-split-ac-9k-18k-up-to-1400-sq-ft,DELLA Vario Series 28000 BTU Dual Zone Mini Split AC (9k+18k) - Up to 1400 Sq.Ft.,TRUE,multi_zone,2,wall_mounted,Vario,28000,28000,9k+18k,9000-18000,27000,0.9643,-4,122,cool,20.0,R454B,50,100,check_product_page,FALSE
vario-series-28000-btu-tri-zone-mini-split-ac-12k-12k-12k-up-to-1650-sq-ft,DELLA Vario Series 28000 BTU Tri-Zone Mini Split AC (12K+12K+12k) - Up to 1650 Sq.Ft.,TRUE,multi_zone,3,wall_mounted,Vario,28000,28000,12K+12K+12k,12000-12000-12000,36000,1.2857,-4,122,cool,20.0,R454B,50,100,check_product_page,FALSE
vario-series-28000-btu-tri-zone-mini-split-ac-9k-12k-12k-up-to-1500-sq-ft,DELLA Vario Series 28000 BTU Tri-Zone Mini Split AC (9K+12K+12k) - Up to 1500 Sq.Ft.,TRUE,multi_zone,3,wall_mounted,Vario,28000,28000,9K+12K+12k,9000-12000-12000,33000,1.1786,-4,122,cool,20.0,R454B,50,100,check_product_page,FALSE
vario-series-28000-btu-tri-zone-mini-split-ac-9k-9k-12k-up-to-1350-sq-ft,DELLA Vario Series 28000 BTU Tri-Zone Mini Split AC (9K+9K+12k) - Up to 1350 Sq.Ft.,TRUE,multi_zone,3,wall_mounted,Vario,28000,28000,9K+9K+12k,9000-9000-12000,30000,1.0714,-4,122,cool,20.0,R454B,50,100,check_product_page,FALSE
vario-series-28000-btu-tri-zone-mini-split-ac-9k-9k-18k-up-to-1800-sq-ft,DELLA Vario Series 28000 BTU Tri-Zone Mini Split AC (9K+9K+18k) - Up to 1800 Sq.Ft.,TRUE,multi_zone,3,wall_mounted,Vario,28000,28000,9K+9K+18k,9000-9000-18000,36000,1.2857,-4,122,cool,20.0,R454B,50,100,check_product_page,FALSE
vario-series-28000-btu-tri-zone-mini-split-ac-9k-9k-9k-up-to-1200-sq-ft,DELLA Vario Series 28000 BTU Tri-Zone Mini Split AC (9K+9K+9k) - Up to 1200 Sq.Ft.,TRUE,multi_zone,3,wall_mounted,Vario,28000,28000,9K+9K+9k,9000-9000-9000,27000,0.9643,-4,122,cool,20.0,R454B,50,100,check_product_page,FALSE
vario-series-35000-btu-dual-zone-mini-split-ac-12k-18k-up-to-1550-sq-ft,DELLA Vario Series 35000 BTU Dual Zone Mini Split AC (12K+18K) - Up to 1550 Sq.Ft.,TRUE,multi_zone,2,wall_mounted,Vario,35000,35000,12K+18K,12000-18000,30000,0.8571,-4,122,cool,19.0,R454B,50,100,check_product_page,FALSE
vario-series-35000-btu-dual-zone-mini-split-ac-12k-24k-up-to-2050-sq-ft,DELLA Vario Series 35000 BTU Dual Zone Mini Split AC (12K+24K) - Up to 2050 Sq.Ft.,TRUE,multi_zone,2,wall_mounted,Vario,35000,35000,12K+24K,12000-24000,36000,1.0286,-4,122,cool,19.0,R454B,50,100,check_product_page,FALSE
vario-series-35000-btu-dual-zone-mini-split-ac-18k-18k-up-to-2000-sq-ft,DELLA Vario Series 35000 BTU Dual Zone Mini Split AC (18K+18K) - Up to 2000 Sq.Ft.,TRUE,multi_zone,2,wall_mounted,Vario,35000,35000,18K+18K,18000-18000,36000,1.0286,-4,122,cool,19.0,R454B,50,100,check_product_page,FALSE
vario-series-35000-btu-dual-zone-mini-split-ac-18k-24k-up-to-2500-sq-ft,DELLA Vario Series 35000 BTU Dual Zone Mini Split AC (18K+24K) - Up to 2500 Sq.Ft.,TRUE,multi_zone,2,wall_mounted,Vario,35000,35000,18K+24K,18000-24000,42000,1.2,-4,122,cool,19.0,R454B,50,100,check_product_page,FALSE
vario-series-35000-btu-dual-zone-mini-split-ac-9k-24k-up-to-1900-sq-ft,DELLA Vario Series 35000 BTU Dual Zone Mini Split AC (9K+24K) - Up to 1900 Sq.Ft.,TRUE,multi_zone,2,wall_mounted,Vario,35000,35000,9K+24K,9000-24000,33000,0.9429,-4,122,cool,19.0,R454B,50,100,check_product_page,FALSE
vario-series-35000-btu-quad-zone-mini-split-ac-9k-12k-12k-12k-up-to-2050-sq-ft,DELLA Vario Series 35000 BTU Quad Zone Mini Split AC (9K+12K+12K+12K) - Up to 2050 Sq.Ft.,TRUE,multi_zone,4,wall_mounted,Vario,35000,35000,9K+12K+12K+12K,9000-12000-12000-12000,45000,1.2857,-4,122,cool,19.0,R454B,50,100,check_product_page,FALSE
vario-series-35000-btu-quad-zone-mini-split-ac-9k-9k-12k-12k-up-to-1900-sq-ft,DELLA Vario Series 35000 BTU Quad Zone Mini Split AC (9K+9K+12K+12K) - Up to 1900 Sq.Ft.,TRUE,multi_zone,4,wall_mounted,Vario,35000,35000,9K+9K+12K+12K,9000-9000-12000-12000,42000,1.2,-4,122,cool,19.0,R454B,50,100,check_product_page,FALSE
vario-series-35000-btu-quad-zone-mini-split-ac-9k-9k-9k-12k-up-to-1750-sq-ft,DELLA Vario Series 35000 BTU Quad Zone Mini Split AC (9K+9K+9K+12K) - Up to 1750 Sq.Ft.,TRUE,multi_zone,4,wall_mounted,Vario,35000,35000,9K+9K+9K+12K,9000-9000-9000-12000,39000,1.1143,-4,122,cool,19.0,R454B,50,100,check_product_page,FALSE
vario-series-35000-btu-quad-zone-mini-split-ac-9k-9k-9k-18k-up-to-2200-sq-ft,DELLA Vario Series 35000 BTU Quad Zone Mini Split AC (9K+9K+9K+18K) - Up to 2200 Sq.Ft.,TRUE,multi_zone,4,wall_mounted,Vario,35000,35000,9K+9K+9K+18K,9000-9000-9000-18000,45000,1.2857,-4,122,cool,19.0,R454B,50,100,check_product_page,FALSE
vario-series-35000-btu-quad-zone-mini-split-ac-9k-9k-9k-9k-up-to-1600-sq-ft,DELLA Vario Series 35000 BTU Quad Zone Mini Split AC (9K+9K+9K+9K) - Up to 1600 Sq.Ft.,TRUE,multi_zone,4,wall_mounted,Vario,35000,35000,9K+9K+9K+9K,9000-9000-9000-9000,36000,1.0286,-4,122,cool,19.0,R454B,50,100,check_product_page,FALSE
vario-series-35000-btu-tri-zone-mini-split-ac-12k-12k-12k-up-to-1650-sq-ft,DELLA Vario Series 35000 BTU Tri-Zone Mini Split AC (12K+12K+12K) - Up to 1650 Sq.Ft.,TRUE,multi_zone,3,wall_mounted,Vario,35000,35000,12K+12K+12K,12000-12000-12000,36000,1.0286,-4,122,cool,19.0,R454B,50,100,check_product_page,FALSE
vario-series-35000-btu-tri-zone-mini-split-ac-12k-12k-18k-up-to-2100-sq-ft,DELLA Vario Series 35000 BTU Tri-Zone Mini Split AC (12K+12K+18K) - Up to 2100 Sq.Ft.,TRUE,multi_zone,3,wall_mounted,Vario,35000,35000,12K+12K+18K,12000-12000-18000,42000,1.2,-4,122,cool,19.0,R454B,50,100,check_product_page,FALSE
vario-series-35000-btu-tri-zone-mini-split-ac-9k-12k-12k-up-to-1500-sq-ft,DELLA Vario Series 35000 BTU Tri-Zone Mini Split AC (9K+12K+12K) - Up to 1500 Sq.Ft.,TRUE,multi_zone,3,wall_mounted,Vario,35000,35000,9K+12K+12K,9000-12000-12000,33000,0.9429,-4,122,cool,19.0,R454B,50,100,check_product_page,FALSE
vario-series-35000-btu-tri-zone-mini-split-ac-9k-12k-18k-up-to-1950-sq-ft,DELLA Vario Series 35000 BTU Tri-Zone Mini Split AC (9K+12K+18K) - Up to 1950 Sq.Ft.,TRUE,multi_zone,3,wall_mounted,Vario,35000,35000,9K+12K+18K,9000-12000-18000,39000,1.1143,-4,122,cool,19.0,R454B,50,100,check_product_page,FALSE
vario-series-35000-btu-tri-zone-mini-split-ac-9k-12k-24k-up-to-2450-sq-ft,DELLA Vario Series 35000 BTU Tri-Zone Mini Split AC (9K+12K+24K) - Up to 2450 Sq.Ft.,TRUE,multi_zone,3,wall_mounted,Vario,35000,35000,9K+12K+24K,9000-12000-24000,45000,1.2857,-4,122,cool,19.0,R454B,50,100,check_product_page,FALSE
vario-series-35000-btu-tri-zone-mini-split-ac-9k-18k-18k-up-to-2400-sq-ft,DELLA Vario Series 35000 BTU Tri-Zone Mini Split AC (9K+18K+18K) - Up to 2400 Sq.Ft.,TRUE,multi_zone,3,wall_mounted,Vario,35000,35000,9K+18K+18K,9000-18000-18000,45000,1.2857,-4,122,cool,19.0,R454B,50,100,check_product_page,FALSE
vario-series-35000-btu-tri-zone-mini-split-ac-9k-9k-12k-up-to-1350-sq-ft,DELLA Vario Series 35000 BTU Tri-Zone Mini Split AC (9K+9K+12K) - Up to 1350 Sq.Ft.,TRUE,multi_zone,3,wall_mounted,Vario,35000,35000,9K+9K+12K,9000-9000-12000,30000,0.8571,-4,122,cool,19.0,R454B,50,100,check_product_page,FALSE
vario-series-35000-btu-tri-zone-mini-split-ac-9k-9k-18k-up-to-1800-sq-ft,DELLA Vario Series 35000 BTU Tri-Zone Mini Split AC (9K+9K+18K) - Up to 1800 Sq.Ft.,TRUE,multi_zone,3,wall_mounted,Vario,35000,35000,9K+9K+18K,9000-9000-18000,36000,1.0286,-4,122,cool,19.0,R454B,50,100,check_product_page,FALSE
vario-series-35000-btu-tri-zone-mini-split-ac-9k-9k-24k-up-to-2300-sq-ft,DELLA Vario Series 35000 BTU Tri-Zone Mini Split AC (9K+9K+24K) - Up to 2300 Sq.Ft.,TRUE,multi_zone,3,wall_mounted,Vario,35000,35000,9K+9K+24K,9000-9000-24000,42000,1.2,-4,122,cool,19.0,R454B,50,100,check_product_page,FALSE
vario-series-45000-btu-dual-zone-mini-split-ac-18k-24k-up-to-2500-sq-ft,DELLA Vario Series 45000 BTU Dual Zone Mini Split AC (18K+24K) - Up to 2500 Sq.Ft.,TRUE,multi_zone,2,wall_mounted,Vario,45000,45000,18K+24K,18000-24000,42000,0.9333,-4,122,cool,19.0,R454B,50,100,check_product_page,FALSE
vario-series-45000-btu-dual-zone-mini-split-ac-24k-24k-up-to-3000-sq-ft,DELLA Vario Series 45000 BTU Dual Zone Mini Split AC (24K+24K) - Up to 3000 Sq.Ft.,TRUE,multi_zone,2,wall_mounted,Vario,45000,45000,24K+24K,24000-24000,48000,1.0667,-4,122,cool,19.0,R454B,50,100,check_product_page,FALSE
vario-series-45000-btu-five-zone-mini-split-ac-12k-12k-12k-12k-12k-up-to-2750-sq-ft,DELLA Vario Series 45000 BTU Five Zone Mini Split AC (12K+12K+12k+12K+12k) - Up to 2750 Sq.Ft.,TRUE,multi_zone,5,wall_mounted,Vario,45000,45000,12K+12K+12k+12K+12k,12000-12000-12000-12000-12000,60000,1.3333,-4,122,cool,19.0,R454B,50,100,check_product_page,FALSE
vario-series-45000-btu-five-zone-mini-split-ac-9k-12k-12k-12k-12k-up-to-2600-sq-ft,DELLA Vario Series 45000 BTU Five Zone Mini Split AC (9K+12K+12k+12K+12k) - Up to 2600 Sq.Ft.,TRUE,multi_zone,5,wall_mounted,Vario,45000,45000,9K+12K+12k+12K+12k,9000-12000-12000-12000-12000,57000,1.2667,-4,122,cool,19.0,R454B,50,100,check_product_page,FALSE
vario-series-45000-btu-five-zone-mini-split-ac-9k-9k-12k-12k-12k-up-to-2450-sq-ft,DELLA Vario Series 45000 BTU Five Zone Mini Split AC (9K+9K+12k+12K+12k) - Up to 2450 Sq.Ft.,TRUE,multi_zone,5,wall_mounted,Vario,45000,45000,9K+9K+12k+12K+12k,9000-9000-12000-12000-12000,54000,1.2,-4,122,cool,19.0,R454B,50,100,check_product_page,FALSE
vario-series-45000-btu-five-zone-mini-split-ac-9k-9k-12k-12k-18k-up-to-2900-sq-ft,DELLA Vario Series 45000 BTU Five Zone Mini Split AC (9K+9K+12k+12K+18k) - Up to 2900 Sq.Ft.,TRUE,multi_zone,5,wall_mounted,Vario,45000,45000,9K+9K+12k+12K+18k,9000-9000-12000-12000-18000,60000,1.3333,-4,122,cool,19.0,R454B,50,100,check_product_page,FALSE
vario-series-45000-btu-five-zone-mini-split-ac-9k-9k-9k-12k-12k-up-to-2300-sq-ft,DELLA Vario Series 45000 BTU Five Zone Mini Split AC (9K+9K+9k+12K+12k) - Up to 2300 Sq.Ft.,TRUE,multi_zone,5,wall_mounted,Vario,45000,45000,9K+9K+9k+12K+12k,9000-9000-9000-12000-12000,51000,1.1333,-4,122,cool,19.0,R454B,50,100,check_product_page,FALSE
vario-series-45000-btu-five-zone-mini-split-ac-9k-9k-9k-12k-18k-up-to-2750-sq-ft,DELLA Vario Series 45000 BTU Five Zone Mini Split AC (9K+9K+9k+12K+18k) - Up to 2750 Sq.Ft.,TRUE,multi_zone,5,wall_mounted,Vario,45000,45000,9K+9K+9k+12K+18k,9000-9000-9000-12000-18000,57000,1.2667,-4,122,cool,19.0,R454B,50,100,check_product_page,FALSE
vario-series-45000-btu-five-zone-mini-split-ac-9k-9k-9k-9k-12k-up-to-2150-sq-ft,DELLA Vario Series 45000 BTU Five Zone Mini Split AC (9K+9K+9k+9K+12k) - Up to 2150 Sq.Ft.,TRUE,multi_zone,5,wall_mounted,Vario,45000,45000,9K+9K+9k+9K+12k,9000-9000-9000-9000-12000,48000,1.0667,-4,122,cool,19.0,R454B,50,100,check_product_page,FALSE
vario-series-45000-btu-five-zone-mini-split-ac-9k-9k-9k-9k-18k-up-to-2600-sq-ft,DELLA Vario Series 45000 BTU Five Zone Mini Split AC (9K+9K+9k+9K+18k) - Up to 2600 Sq.Ft.,TRUE,multi_zone,5,wall_mounted,Vario,45000,45000,9K+9K+9k+9K+18k,9000-9000-9000-9000-18000,54000,1.2,-4,122,cool,19.0,R454B,50,100,check_product_page,FALSE
vario-series-45000-btu-five-zone-mini-split-ac-9k-9k-9k-9k-24k-up-to-3100-sq-ft,DELLA Vario Series 45000 BTU Five Zone Mini Split AC (9K+9K+9k+9K+24k) - Up to 3100 Sq.Ft.,TRUE,multi_zone,5,wall_mounted,Vario,45000,45000,9K+9K+9k+9K+24k,9000-9000-9000-9000-24000,60000,1.3333,-4,122,cool,19.0,R454B,50,100,check_product_page,FALSE
vario-series-45000-btu-five-zone-mini-split-ac-9k-9k-9k-9k-9k-up-to-2000-sq-ft,DELLA Vario Series 45000 BTU Five Zone Mini Split AC (9K+9K+9k+9K+9k) - Up to 2000 Sq.Ft.,TRUE,multi_zone,5,wall_mounted,Vario,45000,45000,9K+9K+9k+9K+9k,9000-9000-9000-9000-9000,45000,1.0,-4,122,cool,19.0,R454B,50,100,check_product_page,FALSE
vario-series-45000-btu-quad-zone-mini-split-ac-12k-12k-12k-12k-up-to-2200-sq-ft,DELLA Vario Series 45000 BTU Quad Zone Mini Split AC (12K+12K+12k+12K) - Up to 2200 Sq.Ft.,TRUE,multi_zone,4,wall_mounted,Vario,45000,45000,12K+12K+12k+12K,12000-12000-12000-12000,48000,1.0667,-4,122,cool,19.0,R454B,50,100,check_product_page,FALSE
vario-series-45000-btu-quad-zone-mini-split-ac-12k-12k-12k-18k-up-to-2650-sq-ft,DELLA Vario Series 45000 BTU Quad Zone Mini Split AC (12K+12K+12k+18K) - Up to 2650 Sq.Ft.,TRUE,multi_zone,4,wall_mounted,Vario,45000,45000,12K+12K+12k+18K,12000-12000-12000-18000,54000,1.2,-4,122,cool,19.0,R454B,50,100,check_product_page,FALSE
vario-series-45000-btu-quad-zone-mini-split-ac-12k-12k-12k-24k-up-to-3150-sq-ft,DELLA Vario Series 45000 BTU Quad Zone Mini Split AC (12K+12K+12k+24K) - Up to 3150 Sq.Ft.,TRUE,multi_zone,4,wall_mounted,Vario,45000,45000,12K+12K+12k+24K,12000-12000-12000-24000,60000,1.3333,-4,122,cool,19.0,R454B,50,100,check_product_page,FALSE
vario-series-45000-btu-quad-zone-mini-split-ac-12k-12k-18k-18k-up-to-3100-sq-ft,DELLA Vario Series 45000 BTU Quad Zone Mini Split AC (12K+12K+18k+18K) - Up to 3100 Sq.Ft.,TRUE,multi_zone,4,wall_mounted,Vario,45000,45000,12K+12K+18k+18K,12000-12000-18000-18000,60000,1.3333,-4,122,cool,19.0,R454B,50,100,check_product_page,FALSE
vario-series-45000-btu-quad-zone-mini-split-ac-9k-12k-12k-12k-up-to-2050-sq-ft,DELLA Vario Series 45000 BTU Quad Zone Mini Split AC (9K+12K+12k+12K) - Up to 2050 Sq.Ft.,TRUE,multi_zone,4,wall_mounted,Vario,45000,45000,9K+12K+12k+12K,9000-12000-12000-12000,45000,1.0,-4,122,cool,19.0,R454B,50,100,check_product_page,FALSE
vario-series-45000-btu-quad-zone-mini-split-ac-9k-12k-12k-18k-up-to-2500-sq-ft,DELLA Vario Series 45000 BTU Quad Zone Mini Split AC (9K+12K+12k+18K) - Up to 2500 Sq.Ft.,TRUE,multi_zone,4,wall_mounted,Vario,45000,45000,9K+12K+12k+18K,9000-12000-12000-18000,51000,1.1333,-4,122,cool,19.0,R454B,50,100,check_product_page,FALSE
vario-series-45000-btu-quad-zone-mini-split-ac-9k-12k-12k-24k-up-to-3000-sq-ft,DELLA Vario Series 45000 BTU Quad Zone Mini Split AC (9K+12K+12k+24K) - Up to 3000 Sq.Ft.,TRUE,multi_zone,4,wall_mounted,Vario,45000,45000,9K+12K+12k+24K,9000-12000-12000-24000,57000,1.2667,-4,122,cool,19.0,R454B,50,100,check_product_page,FALSE
vario-series-45000-btu-quad-zone-mini-split-ac-9k-12k-18k-18k-up-to-2950-sq-ft,DELLA Vario Series 45000 BTU Quad Zone Mini Split AC (9K+12K+18k+18K) - Up to 2950 Sq.Ft.,TRUE,multi_zone,4,wall_mounted,Vario,45000,45000,9K+12K+18k+18K,9000-12000-18000-18000,57000,1.2667,-4,122,cool,19.0,R454B,50,100,check_product_page,FALSE
vario-series-45000-btu-quad-zone-mini-split-ac-9k-9k-12k-12k-up-to-1900-sq-ft,DELLA Vario Series 45000 BTU Quad Zone Mini Split AC (9K+9K+12k+12K) - Up to 1900 Sq.Ft.,TRUE,multi_zone,4,wall_mounted,Vario,45000,45000,9K+9K+12k+12K,9000-9000-12000-12000,42000,0.9333,-4,122,cool,19.0,R454B,50,100,check_product_page,FALSE
vario-series-45000-btu-quad-zone-mini-split-ac-9k-9k-12k-18k-up-to-2350-sq-ft,DELLA Vario Series 45000 BTU Quad Zone Mini Split AC (9K+9K+12k+18K) - Up to 2350 Sq.Ft.,TRUE,multi_zone,4,wall_mounted,Vario,45000,45000,9K+9K+12k+18K,9000-9000-12000-18000,48000,1.0667,-4,122,cool,19.0,R454B,50,100,check_product_page,FALSE
vario-series-45000-btu-quad-zone-mini-split-ac-9k-9k-12k-24k-up-to-2850-sq-ft,DELLA Vario Series 45000 BTU Quad Zone Mini Split AC (9K+9K+12k+24K) - Up to 2850 Sq.Ft.,TRUE,multi_zone,4,wall_mounted,Vario,45000,45000,9K+9K+12k+24K,9000-9000-12000-24000,54000,1.2,-4,122,cool,19.0,R454B,50,100,check_product_page,FALSE
vario-series-45000-btu-quad-zone-mini-split-ac-9k-9k-18k-18k-up-to-2800-sq-ft,DELLA Vario Series 45000 BTU Quad Zone Mini Split AC (9K+9K+18k+18K) - Up to 2800 Sq.Ft.,TRUE,multi_zone,4,wall_mounted,Vario,45000,45000,9K+9K+18k+18K,9000-9000-18000-18000,54000,1.2,-4,122,cool,19.0,R454B,50,100,check_product_page,FALSE
vario-series-45000-btu-quad-zone-mini-split-ac-9k-9k-18k-24k-up-to-3300-sq-ft,DELLA Vario Series 45000 BTU Quad Zone Mini Split AC (9K+9K+18k+24K) - Up to 3300 Sq.Ft.,TRUE,multi_zone,4,wall_mounted,Vario,45000,45000,9K+9K+18k+24K,9000-9000-18000-24000,60000,1.3333,-4,122,cool,19.0,R454B,50,100,check_product_page,FALSE
vario-series-45000-btu-quad-zone-mini-split-ac-9k-9k-9k-18k-up-to-2200-sq-ft,DELLA Vario Series 45000 BTU Quad Zone Mini Split AC (9K+9K+9k+18K) - Up to 2200 Sq.Ft.,TRUE,multi_zone,4,wall_mounted,Vario,45000,45000,9K+9K+9k+18K,9000-9000-9000-18000,45000,1.0,-4,122,cool,19.0,R454B,50,100,check_product_page,FALSE
vario-series-45000-btu-quad-zone-mini-split-ac-9k-9k-9k-24k-up-to-2700-sq-ft,DELLA Vario Series 45000 BTU Quad Zone Mini Split AC (9K+9K+9k+24K) - Up to 2700 Sq.Ft.,TRUE,multi_zone,4,wall_mounted,Vario,45000,45000,9K+9K+9k+24K,9000-9000-9000-24000,51000,1.1333,-4,122,cool,19.0,R454B,50,100,check_product_page,FALSE
vario-series-45000-btu-tri-zone-mini-split-ac-12k-12k-18k-up-to-2100-sq-ft,DELLA Vario Series 45000 BTU Tri-Zone Mini Split AC (12K+12K+18k) - Up to 2100 Sq.Ft.,TRUE,multi_zone,3,wall_mounted,Vario,45000,45000,12K+12K+18k,12000-12000-18000,42000,0.9333,-4,122,cool,19.0,R454B,50,100,check_product_page,FALSE
vario-series-45000-btu-tri-zone-mini-split-ac-12k-12k-24k-up-to-2600-sq-ft,DELLA Vario Series 45000 BTU Tri-Zone Mini Split AC (12K+12K+24k) - Up to 2600 Sq.Ft.,TRUE,multi_zone,3,wall_mounted,Vario,45000,45000,12K+12K+24k,12000-12000-24000,48000,1.0667,-4,122,cool,19.0,R454B,50,100,check_product_page,FALSE
vario-series-45000-btu-tri-zone-mini-split-ac-12k-18k-18k-up-to-2550-sq-ft,DELLA Vario Series 45000 BTU Tri-Zone Mini Split AC (12K+18K+18k) - Up to 2550 Sq.Ft.,TRUE,multi_zone,3,wall_mounted,Vario,45000,45000,12K+18K+18k,12000-18000-18000,48000,1.0667,-4,122,cool,19.0,R454B,50,100,check_product_page,FALSE
vario-series-45000-btu-tri-zone-mini-split-ac-12k-18k-24k-up-to-3050-sq-ft,DELLA Vario Series 45000 BTU Tri-Zone Mini Split AC (12K+18K+24k) - Up to 3050 Sq.Ft.,TRUE,multi_zone,3,wall_mounted,Vario,45000,45000,12K+18K+24k,12000-18000-24000,54000,1.2,-4,122,cool,19.0,R454B,50,100,check_product_page,FALSE
vario-series-45000-btu-tri-zone-mini-split-ac-12k-24k-24k-up-to-3550-sq-ft,DELLA Vario Series 45000 BTU Tri-Zone Mini Split AC (12K+24K+24k) - Up to 3550 Sq.Ft.,TRUE,multi_zone,3,wall_mounted,Vario,45000,45000,12K+24K+24k,12000-24000-24000,60000,1.3333,-4,122,cool,19.0,R454B,50,100,check_product_page,FALSE
vario-series-45000-btu-tri-zone-mini-split-ac-18k-18k-18k-up-to-3000-sq-ft,DELLA Vario Series 45000 BTU Tri-Zone Mini Split AC (18K+18K+18k) - Up to 3000 Sq.Ft.,TRUE,multi_zone,3,wall_mounted,Vario,45000,45000,18K+18K+18k,18000-18000-18000,54000,1.2,-4,122,cool,19.0,R454B,50,100,check_product_page,FALSE
vario-series-45000-btu-tri-zone-mini-split-ac-18k-18k-24k-up-to-3500-sq-ft,DELLA Vario Series 45000 BTU Tri-Zone Mini Split AC (18K+18K+24k) - Up to 3500 Sq.Ft.,TRUE,multi_zone,3,wall_mounted,Vario,45000,45000,18K+18K+24k,18000-18000-24000,60000,1.3333,-4,122,cool,19.0,R454B,50,100,check_product_page,FALSE
vario-series-45000-btu-tri-zone-mini-split-ac-9k-12k-18k-up-to-1950-sq-ft,DELLA Vario Series 45000 BTU Tri-Zone Mini Split AC (9K+12K+18k) - Up to 1950 Sq.Ft.,TRUE,multi_zone,3,wall_mounted,Vario,45000,45000,9K+12K+18k,9000-12000-18000,39000,0.8667,-4,122,cool,19.0,R454B,50,100,check_product_page,FALSE
vario-series-45000-btu-tri-zone-mini-split-ac-9k-12k-24k-up-to-2450-sq-ft,DELLA Vario Series 45000 BTU Tri-Zone Mini Split AC (9K+12K+24k) - Up to 2450 Sq.Ft.,TRUE,multi_zone,3,wall_mounted,Vario,45000,45000,9K+12K+24k,9000-12000-24000,45000,1.0,-4,122,cool,19.0,R454B,50,100,check_product_page,FALSE
vario-series-45000-btu-tri-zone-mini-split-ac-9k-18k-18k-up-to-2400-sq-ft,DELLA Vario Series 45000 BTU Tri-Zone Mini Split AC (9K+18K+18k) - Up to 2400 Sq.Ft.,TRUE,multi_zone,3,wall_mounted,Vario,45000,45000,9K+18K+18k,9000-18000-18000,45000,1.0,-4,122,cool,19.0,R454B,50,100,check_product_page,FALSE
vario-series-45000-btu-tri-zone-mini-split-ac-9k-18k-24k-up-to-2900-sq-ft,DELLA Vario Series 45000 BTU Tri-Zone Mini Split AC (9K+18K+24k) - Up to 2900 Sq.Ft.,TRUE,multi_zone,3,wall_mounted,Vario,45000,45000,9K+18K+24k,9000-18000-24000,51000,1.1333,-4,122,cool,19.0,R454B,50,100,check_product_page,FALSE
vario-series-45000-btu-tri-zone-mini-split-ac-9k-24k-24k-up-to-3400-sq-ft,DELLA Vario Series 45000 BTU Tri-Zone Mini Split AC (9K+24K+24k) - Up to 3400 Sq.Ft.,TRUE,multi_zone,3,wall_mounted,Vario,45000,45000,9K+24K+24k,9000-24000-24000,57000,1.2667,-4,122,cool,19.0,R454B,50,100,check_product_page,FALSE
vario-series-45000-btu-tri-zone-mini-split-ac-9k-9k-24k-up-to-2300-sq-ft,DELLA Vario Series 45000 BTU Tri-Zone Mini Split AC (9K+9K+24k) - Up to 2300 Sq.Ft.,TRUE,multi_zone,3,wall_mounted,Vario,45000,45000,9K+9K+24k,9000-9000-24000,42000,0.9333,-4,122,cool,19.0,R454B,50,100,check_product_page,FALSE
vario-series-9000-btu-seer2-20-mini-split-heat-pump-ac-up-to-400-sq-ft,DELLA Vario Series 9000 BTU 20 SEER2 Mini Split Heat Pump AC - Up to 400 Sq.Ft.,TRUE,single_zone,1,wall_mounted,Vario,9000,9000,,9000,,,-4,122,cool,20.0,R454B,50,100,check_product_page,FALSE
